model_variant,entity_name,raw_entity_name,container_id,pod_name,pod_namespace,deployment_name,service_name,service_group,match_status,confidence,provenance,mapping_provenance,mapping_confidence,identity_type,resolution_status,ignored,source_artifact,source_metric,raw_energy_joules,raw_metric_value,allocated_energy_joules,weight_value,series_mean,series_max,series_min,sample_count,inactive_entity,zero_activity
M1,alertsnitch,alertsnitch,,,,,alertsnitch,unknown,unknown,0.0,unmapped,source_label,0.9,raw_label,resolved,False,energy.json,kepler_container_cpu_joules_total,1.0000000000000002,1.0000000000000002,0.0,1.0000000000000002,0.008000000000000002,0.01818181818181818,0.0,25.0,False,False
M1,alertsnitch-mysql,alertsnitch-mysql,,,,,alertsnitch-mysql,unknown,unknown,0.0,unmapped,source_label,0.9,raw_label,resolved,False,energy.json,kepler_container_cpu_joules_total,40.0,40.0,0.0,40.0,0.3330909090909091,0.34545454545454546,0.32727272727272727,25.0,False,False
M1,coredns,coredns,,,,,coredns,kubernetes_system,builtin_group,0.95,builtin_system_service,source_label,0.9,raw_label,resolved,False,energy.json,kepler_container_cpu_joules_total,1612.318181818182,1612.318181818182,0.0,1612.318181818182,13.336727272727272,21.527272727272727,1.2909090909090908,25.0,False,False
M1,elasticsearch-logging,elasticsearch-logging,,,,,elasticsearch-logging,unknown,unknown,0.0,unmapped,source_label,0.9,raw_label,resolved,False,energy.json,kepler_container_cpu_joules_total,611.2727272727273,611.2727272727273,0.0,611.2727272727273,5.099636363636363,5.454545454545455,4.836363636363636,25.0,False,False
M1,kepler-exporter,kepler-exporter,,,,,kepler-exporter,unknown,unknown,0.0,unmapped,source_label,0.9,raw_label,resolved,False,energy.json,kepler_container_cpu_joules_total,439.8636363636364,439.8636363636364,0.0,439.8636363636364,3.6399999999999992,4.9818181818181815,2.327272727272727,25.0,False,False
M1,kernel_processes,kernel_processes,,,,,kernel_processes,unknown,unknown,0.0,unmapped,source_label,0.9,raw_label,resolved,False,energy.json,kepler_container_cpu_joules_total,88812.49999999999,88812.49999999999,0.0,88812.49999999999,740.6967272727273,841.1454545454545,691.6545454545454,25.0,False,False
M1,kibana-logging,kibana-logging,,,,,kibana-logging,unknown,unknown,0.0,unmapped,source_label,0.9,raw_label,resolved,False,energy.json,kepler_container_cpu_joules_total,99.59090909090907,99.59090909090907,0.0,99.59090909090907,0.8305454545454546,0.9090909090909091,0.7636363636363636,25.0,False,False
M1,lb-tcp-443,lb-tcp-443,,,,,lb-tcp-443,kubernetes_system,builtin_group,0.95,builtin_system_service,source_label,0.9,raw_label,resolved,False,energy.json,kepler_container_cpu_joules_total,0.0,0.0,0.0,0.0,0.0,0.0,0.0,25.0,False,True
M1,lb-tcp-80,lb-tcp-80,,,,,lb-tcp-80,kubernetes_system,builtin_group,0.95,builtin_system_service,source_label,0.9,raw_label,resolved,False,energy.json,kepler_container_cpu_joules_total,0.0,0.0,0.0,0.0,0.0,0.0,0.0,25.0,False,True
M1,local-path-provisioner,local-path-provisioner,,,,,local-path-provisioner,kubernetes_system,builtin_group,0.95,builtin_system_service,source_label,0.9,raw_label,resolved,False,energy.json,kepler_container_cpu_joules_total,4.681818181818182,4.681818181818182,0.0,4.681818181818182,0.03781818181818183,0.09090909090909091,0.0,25.0,False,False
M1,metrics-server,metrics-server,,,,,metrics-server,platform_observability,builtin_group,0.95,builtin_platform_service,source_label,0.9,raw_label,resolved,False,energy.json,kepler_container_cpu_joules_total,313.090909090909,313.090909090909,0.0,313.090909090909,2.6072727272727274,2.818181818181818,2.418181818181818,25.0,False,False
M1,node-exporter,node-exporter,,,,,node-exporter,measurement_infrastructure,builtin_group,0.95,builtin_measurement_service,source_label,0.9,raw_label,resolved,False,energy.json,kepler_container_cpu_joules_total,0.0,0.0,0.0,0.0,0.0,0.0,0.0,25.0,False,True
M1,redis,redis,,,,,redis,unknown,unknown,0.0,unmapped,source_label,0.9,raw_label,resolved,False,energy.json,kepler_container_cpu_joules_total,406.45454545454544,406.45454545454544,0.0,406.45454545454544,3.3614545454545453,4.454545454545454,1.5272727272727271,25.0,False,False
M1,server,server,,,,,server,unknown,unknown,0.0,unmapped,source_label,0.9,raw_label,resolved,False,energy.json,kepler_container_cpu_joules_total,46794.22592575757,46794.22592575757,0.0,46794.22592575757,384.85344376969704,583.5090909090909,6.0,25.0,False,False
M1,system_processes,system_processes,,,,,system_processes,unknown,unknown,0.0,unmapped,source_label,0.9,raw_label,resolved,False,energy.json,kepler_container_cpu_joules_total,21173.454545454537,21173.454545454537,0.0,21173.454545454537,176.18181818181816,195.61818181818182,155.2,25.0,False,False
M1,traefik,traefik,,,,,traefik,kubernetes_system,builtin_group,0.95,builtin_system_service,source_label,0.9,raw_label,resolved,False,energy.json,kepler_container_cpu_joules_total,17.136363636363633,17.136363636363633,0.0,17.136363636363633,0.14618181818181814,0.2727272727272727,0.03636363636363636,25.0,False,False
M2,local-path-provisioner/local-path-provisioner-8686667995-79j8n,/kubepods.slice/kubepods-besteffort.slice/kubepods-besteffort-pod65bfd7ad_8641_43df_b977_c524e91c9508.slice/cri-containerd-279f056a1f28805657f7090c5f9470474117ff34abab616ebd726dc93f90e828.scope,279f056a1f28805657f7090c5f9470474117ff34abab616ebd726dc93f90e828,local-path-provisioner-8686667995-79j8n,kube-system,local-path-provisioner,local-path-provisioner,kubernetes_system,k8s_snapshot_non_sut_scope_match,0.95,k8s_snapshot_uid_containerid_match,"cpu_k8s_by_id:cgroup_path+snapshot,k8s_snapshot:deployment_fallback",0.9,container_id,resolved,False,cpu_k8s_by_id.json,container_cpu_usage_seconds_total,,0.026839225619227202,0.0,0.026839225619227202,0.0002221720380833911,0.00028490785664012753,0.0001638569558598305,25.0,False,False
M2,local-path-provisioner/local-path-provisioner-8686667995-79j8n,/kubepods.slice/kubepods-besteffort.slice/kubepods-besteffort-pod65bfd7ad_8641_43df_b977_c524e91c9508.slice/cri-containerd-7f31cdaef9754e390b55ce124936dec4759aef44fb7bd3923ebdd1e04ae51c29.scope,7f31cdaef9754e390b55ce124936dec4759aef44fb7bd3923ebdd1e04ae51c29,local-path-provisioner-8686667995-79j8n,kube-system,local-path-provisioner,local-path-provisioner,kubernetes_system,k8s_snapshot_non_sut_scope_match,0.95,k8s_snapshot_uid_containerid_match,"cpu_k8s_by_id:cgroup_path+snapshot,k8s_snapshot:deployment_fallback",0.9,container_id,resolved,False,cpu_k8s_by_id.json,container_cpu_usage_seconds_total,,0.0,0.0,0.0,0.0,0.0,0.0,10.0,False,True
M2,node-exporter-bw565,/kubepods.slice/kubepods-besteffort.slice/kubepods-besteffort-pod8b263077_0563_41b5_b8a6_e077a3cd93aa.slice/cri-containerd-083b0fb27feb489b4553c2b0291b09d1e850a6188509878e17d2fa8fc01a6fe7.scope,083b0fb27feb489b4553c2b0291b09d1e850a6188509878e17d2fa8fc01a6fe7,node-exporter-bw565,kube-system,,node-exporter-bw565,kubernetes_system,k8s_snapshot_non_sut_scope_match,0.8,k8s_snapshot_uid_containerid_match,"cpu_k8s_by_id:cgroup_path+snapshot,k8s_snapshot:pod_fallback",0.85,container_id,resolved,False,cpu_k8s_by_id.json,container_cpu_usage_seconds_total,,0.00014745224643025135,0.0,0.00014745224643025135,1.4031602936812934e-06,3.6711589019682705e-06,0.0,22.0,False,False
M2,node-exporter-bw565,/kubepods.slice/kubepods-besteffort.slice/kubepods-besteffort-pod8b263077_0563_41b5_b8a6_e077a3cd93aa.slice/cri-containerd-234ce02ab427eda232984d8b0169704cf7abeebefd5c4de9184d6ee819c84237.scope,234ce02ab427eda232984d8b0169704cf7abeebefd5c4de9184d6ee819c84237,node-exporter-bw565,kube-system,,node-exporter-bw565,kubernetes_system,k8s_snapshot_non_sut_scope_match,0.8,k8s_snapshot_uid_containerid_match,"cpu_k8s_by_id:cgroup_path+snapshot,k8s_snapshot:pod_fallback",0.85,container_id,resolved,False,cpu_k8s_by_id.json,container_cpu_usage_seconds_total,,0.0,0.0,0.0,0.0,0.0,0.0,6.0,False,True
M2,kube-state-metrics/kube-state-metrics-58b7c4449b-tdnpr,/kubepods.slice/kubepods-besteffort.slice/kubepods-besteffort-poda36a1045_7c82_4e2a_941b_a39a509f170f.slice/cri-containerd-e588f49d805c605ea4ec1bc5fae5ad7a0aaa02d569555360d76189d542d2eda8.scope,e588f49d805c605ea4ec1bc5fae5ad7a0aaa02d569555360d76189d542d2eda8,kube-state-metrics-58b7c4449b-tdnpr,kube-system,kube-state-metrics,kube-state-metrics,kubernetes_system,k8s_snapshot_non_sut_scope_match,0.8,k8s_snapshot_uid_containerid_match,"cpu_k8s_by_id:cgroup_path+snapshot,k8s_snapshot:deployment_fallback",0.9,container_id,resolved,False,cpu_k8s_by_id.json,container_cpu_usage_seconds_total,,0.0,0.0,0.0,0.0,0.0,0.0,8.0,False,True
M2,svclb-traefik-33b5a5ed-44mpg,/kubepods.slice/kubepods-besteffort.slice/kubepods-besteffort-podbe8c94d1_3027_4305_a17d_89c3c6f32757.slice/cri-containerd-2aa1fb7b1e31b256907d312fdf02ce579290059cda0d7a653e16f13df319ec14.scope,2aa1fb7b1e31b256907d312fdf02ce579290059cda0d7a653e16f13df319ec14,svclb-traefik-33b5a5ed-44mpg,kube-system,,svclb-traefik-33b5a5ed-44mpg,kubernetes_system,k8s_snapshot_non_sut_scope_match,0.8,k8s_snapshot_uid_containerid_match,"cpu_k8s_by_id:cgroup_path+snapshot,k8s_snapshot:pod_fallback",0.85,container_id,resolved,False,cpu_k8s_by_id.json,container_cpu_usage_seconds_total,,0.0,0.0,0.0,0.0,0.0,0.0,14.0,False,True
M2,svclb-traefik-33b5a5ed-44mpg,/kubepods.slice/kubepods-besteffort.slice/kubepods-besteffort-podbe8c94d1_3027_4305_a17d_89c3c6f32757.slice/cri-containerd-cfd71939d994281dc6cc080aa63d8629f2a76cd9efc26e5d27b3d05481afa00b.scope,cfd71939d994281dc6cc080aa63d8629f2a76cd9efc26e5d27b3d05481afa00b,svclb-traefik-33b5a5ed-44mpg,kube-system,,svclb-traefik-33b5a5ed-44mpg,kubernetes_system,k8s_snapshot_non_sut_scope_match,0.8,k8s_snapshot_uid_containerid_match,"cpu_k8s_by_id:cgroup_path+snapshot,k8s_snapshot:pod_fallback",0.85,container_id,resolved,False,cpu_k8s_by_id.json,container_cpu_usage_seconds_total,,0.0,0.0,0.0,0.0,0.0,0.0,15.0,False,True
M2,svclb-traefik-33b5a5ed-44mpg,/kubepods.slice/kubepods-besteffort.slice/kubepods-besteffort-podbe8c94d1_3027_4305_a17d_89c3c6f32757.slice/cri-containerd-e2e7135a5bae9120ab8b0535d92ddeb69f37feea478d9532ce9d9fffffcd15f6.scope,e2e7135a5bae9120ab8b0535d92ddeb69f37feea478d9532ce9d9fffffcd15f6,svclb-traefik-33b5a5ed-44mpg,kube-system,,svclb-traefik-33b5a5ed-44mpg,kubernetes_system,k8s_snapshot_non_sut_scope_match,0.8,k8s_snapshot_uid_containerid_match,"cpu_k8s_by_id:cgroup_path+snapshot,k8s_snapshot:pod_fallback",0.85,container_id,resolved,False,cpu_k8s_by_id.json,container_cpu_usage_seconds_total,,0.0,0.0,0.0,0.0,0.0,0.0,17.0,False,True
M2,alertsnitch/alertsnitch-77f8649484-zqf26,/kubepods.slice/kubepods-besteffort.slice/kubepods-besteffort-podc0ea6519_a2d5_4b8f_867e_7b3583f92b71.slice/cri-containerd-983cd1176a16bb73da663d77e6993b099bb8df13f4b85ad3269e70a9d141d290.scope,983cd1176a16bb73da663d77e6993b099bb8df13f4b85ad3269e70a9d141d290,alertsnitch-77f8649484-zqf26,kube-system,alertsnitch,alertsnitch,kubernetes_system,k8s_snapshot_non_sut_scope_match,0.8,k8s_snapshot_uid_containerid_match,"cpu_k8s_by_id:cgroup_path+snapshot,k8s_snapshot:deployment_fallback",0.9,container_id,resolved,False,cpu_k8s_by_id.json,container_cpu_usage_seconds_total,,0.0,0.0,0.0,0.0,0.0,0.0,10.0,False,True
M2,alertsnitch/alertsnitch-77f8649484-zqf26,/kubepods.slice/kubepods-besteffort.slice/kubepods-besteffort-podc0ea6519_a2d5_4b8f_867e_7b3583f92b71.slice/cri-containerd-f75438e6bfea57c4acf4634dd250dd6e3bfcc041c2cb618afeb03e2a780e57af.scope,f75438e6bfea57c4acf4634dd250dd6e3bfcc041c2cb618afeb03e2a780e57af,alertsnitch-77f8649484-zqf26,kube-system,alertsnitch,alertsnitch,kubernetes_system,k8s_snapshot_non_sut_scope_match,0.8,k8s_snapshot_uid_containerid_match,"cpu_k8s_by_id:cgroup_path+snapshot,k8s_snapshot:deployment_fallback",0.9,container_id,resolved,False,cpu_k8s_by_id.json,container_cpu_usage_seconds_total,,0.03072361053729328,0.0,0.03072361053729328,0.00025559604941660424,0.00030380711603526203,0.00022166748708829203,25.0,False,False
M2,kepler-rlqsk,/kubepods.slice/kubepods-besteffort.slice/kubepods-besteffort-podc286627a_2834_4f75_83db_dae2ccb0662f.slice/cri-containerd-4fbc41f13a99daffc56cb589caf322fc94931ab7a8754bb10f2c4612e09eda63.scope,4fbc41f13a99daffc56cb589caf322fc94931ab7a8754bb10f2c4612e09eda63,kepler-rlqsk,kepler,,kepler-rlqsk,measurement_infrastructure,k8s_snapshot_non_sut_scope_match,0.8,k8s_snapshot_uid_containerid_match,"cpu_k8s_by_id:cgroup_path+snapshot,k8s_snapshot:pod_fallback",0.85,container_id,resolved,False,cpu_k8s_by_id.json,container_cpu_usage_seconds_total,,0.0,0.0,0.0,0.0,0.0,0.0,14.0,False,True
M2,kepler-rlqsk,/kubepods.slice/kubepods-besteffort.slice/kubepods-besteffort-podc286627a_2834_4f75_83db_dae2ccb0662f.slice/cri-containerd-6f5df857b8cdbb4bea0a186c38573c27226d55d75584342f9961799e1ed8f893.scope,6f5df857b8cdbb4bea0a186c38573c27226d55d75584342f9961799e1ed8f893,kepler-rlqsk,kepler,,kepler-rlqsk,measurement_infrastructure,k8s_snapshot_non_sut_scope_match,0.8,k8s_snapshot_uid_containerid_match,"cpu_k8s_by_id:cgroup_path+snapshot,k8s_snapshot:pod_fallback",0.85,container_id,resolved,False,cpu_k8s_by_id.json,container_cpu_usage_seconds_total,,0.5328461318338727,0.0,0.5328461318338727,0.004416269493781817,0.005818581338757485,0.003112585771036262,25.0,False,False
M2,traefik/traefik-c5c8bf4ff-sr84c,/kubepods.slice/kubepods-besteffort.slice/kubepods-besteffort-podd1c5e3dc_fd1e_4528_aacd_7461e10dbdb7.slice/cri-containerd-06278ee1ca31d9f622149dfb70801ddd17c5ca07c40f95a0a2d4c75e0fa5d2b6.scope,06278ee1ca31d9f622149dfb70801ddd17c5ca07c40f95a0a2d4c75e0fa5d2b6,traefik-c5c8bf4ff-sr84c,kube-system,traefik,traefik,kubernetes_system,k8s_snapshot_non_sut_scope_match,0.95,k8s_snapshot_uid_containerid_match,"cpu_k8s_by_id:cgroup_path+snapshot,k8s_snapshot:deployment_fallback",0.9,container_id,resolved,False,cpu_k8s_by_id.json,container_cpu_usage_seconds_total,,0.05914562754325746,0.0,0.05914562754325746,0.0004967957630833979,0.0007509067843550645,0.0003007042423019204,25.0,False,False
M2,traefik/traefik-c5c8bf4ff-sr84c,/kubepods.slice/kubepods-besteffort.slice/kubepods-besteffort-podd1c5e3dc_fd1e_4528_aacd_7461e10dbdb7.slice/cri-containerd-95b66214a1928de71347ea3df539f6b32e00b717e5a1d6d16308968656f66c3b.scope,95b66214a1928de71347ea3df539f6b32e00b717e5a1d6d16308968656f66c3b,traefik-c5c8bf4ff-sr84c,kube-system,traefik,traefik,kubernetes_system,k8s_snapshot_non_sut_scope_match,0.95,k8s_snapshot_uid_containerid_match,"cpu_k8s_by_id:cgroup_path+snapshot,k8s_snapshot:deployment_fallback",0.9,container_id,resolved,False,cpu_k8s_by_id.json,container_cpu_usage_seconds_total,,0.0,0.0,0.0,0.0,0.0,0.0,13.0,False,True
M2,checkoutservice/checkoutservice-7d75df9549-2txsj,/kubepods.slice/kubepods-burstable.slice/kubepods-burstable-pod0e84ca33_ec0c_4a6c_90ef_8ae3348693f0.slice/cri-containerd-7fb5d3c68e012faf1728269801da778310523a0611296c8d6d2ffc14c6176845.scope,7fb5d3c68e012faf1728269801da778310523a0611296c8d6d2ffc14c6176845,checkoutservice-7d75df9549-2txsj,onlineboutique,checkoutservice,checkoutservice,primary_application,k8s_snapshot_scope_match,1.0,k8s_snapshot_uid_containerid_match,"cpu_k8s_by_id:cgroup_path+snapshot,k8s_snapshot:deployment_fallback",0.9,container_id,resolved,False,cpu_k8s_by_id.json,container_cpu_usage_seconds_total,,0.0,0.0,0.0,0.0,0.0,0.0,16.0,False,True
M2,checkoutservice/checkoutservice-7d75df9549-2txsj,/kubepods.slice/kubepods-burstable.slice/kubepods-burstable-pod0e84ca33_ec0c_4a6c_90ef_8ae3348693f0.slice/cri-containerd-ea3e218f7e44a3f5fd07c94ac8f34608835473781d5c08666136c552254a17c3.scope,ea3e218f7e44a3f5fd07c94ac8f34608835473781d5c08666136c552254a17c3,checkoutservice-7d75df9549-2txsj,onlineboutique,checkoutservice,checkoutservice,primary_application,k8s_snapshot_scope_match,1.0,k8s_snapshot_uid_containerid_match,"cpu_k8s_by_id:cgroup_path+snapshot,k8s_snapshot:deployment_fallback",0.9,container_id,resolved,False,cpu_k8s_by_id.json,container_cpu_usage_seconds_total,,1.2167380446051985,3478.229750499274,1.2167380446051985,0.01004898973219326,0.01684517691426036,0.0002655673960492286,25.0,False,False
M2,currencyservice/currencyservice-858f977fbf-kpkz2,/kubepods.slice/kubepods-burstable.slice/kubepods-burstable-pod3a23aac6_d0fe_4aee_808f_c8d1d7385807.slice/cri-containerd-003bb1e0eb2f35e0850a7cab868c29c715b0cf22db9e1ed8a4a2351dd98318ab.scope,003bb1e0eb2f35e0850a7cab868c29c715b0cf22db9e1ed8a4a2351dd98318ab,currencyservice-858f977fbf-kpkz2,onlineboutique,currencyservice,currencyservice,primary_application,k8s_snapshot_scope_match,1.0,k8s_snapshot_uid_containerid_match,"cpu_k8s_by_id:cgroup_path+snapshot,k8s_snapshot:deployment_fallback",0.9,container_id,resolved,False,cpu_k8s_by_id.json,container_cpu_usage_seconds_total,,16.811847046520295,48059.20782811069,16.811847046520295,0.1382389504340768,0.19667306667646575,0.0003447379588372584,25.0,False,False
M2,currencyservice/currencyservice-858f977fbf-kpkz2,/kubepods.slice/kubepods-burstable.slice/kubepods-burstable-pod3a23aac6_d0fe_4aee_808f_c8d1d7385807.slice/cri-containerd-94610a2adbaf7b16302a65a1de652dfba9cce289683516724403a77b8279537f.scope,94610a2adbaf7b16302a65a1de652dfba9cce289683516724403a77b8279537f,currencyservice-858f977fbf-kpkz2,onlineboutique,currencyservice,currencyservice,primary_application,k8s_snapshot_scope_match,1.0,k8s_snapshot_uid_containerid_match,"cpu_k8s_by_id:cgroup_path+snapshot,k8s_snapshot:deployment_fallback",0.9,container_id,resolved,False,cpu_k8s_by_id.json,container_cpu_usage_seconds_total,,0.0,0.0,0.0,0.0,0.0,0.0,18.0,False,True
M2,coredns/coredns-76c974cb66-2m5c2,/kubepods.slice/kubepods-burstable.slice/kubepods-burstable-pod3ab485c8_e210_4e17_ad9c_a8869370fa0b.slice/cri-containerd-710d1565c2ee46fd52fa84bdcbe24ca39e9a8ff1ff9bfa3e722cd4f3b5edc583.scope,710d1565c2ee46fd52fa84bdcbe24ca39e9a8ff1ff9bfa3e722cd4f3b5edc583,coredns-76c974cb66-2m5c2,kube-system,coredns,coredns,kubernetes_system,k8s_snapshot_non_sut_scope_match,0.95,k8s_snapshot_uid_containerid_match,"cpu_k8s_by_id:cgroup_path+snapshot,k8s_snapshot:deployment_fallback",0.9,container_id,resolved,False,cpu_k8s_by_id.json,container_cpu_usage_seconds_total,,0.0,0.0,0.0,0.0,0.0,0.0,12.0,False,True
M2,coredns/coredns-76c974cb66-2m5c2,/kubepods.slice/kubepods-burstable.slice/kubepods-burstable-pod3ab485c8_e210_4e17_ad9c_a8869370fa0b.slice/cri-containerd-7e18c11b47852d008320a21c51a07cb1471226837a5c581d2d862c814e22deff.scope,7e18c11b47852d008320a21c51a07cb1471226837a5c581d2d862c814e22deff,coredns-76c974cb66-2m5c2,kube-system,coredns,coredns,kubernetes_system,k8s_snapshot_non_sut_scope_match,0.95,k8s_snapshot_uid_containerid_match,"cpu_k8s_by_id:cgroup_path+snapshot,k8s_snapshot:deployment_fallback",0.9,container_id,resolved,False,cpu_k8s_by_id.json,container_cpu_usage_seconds_total,,2.533535621782618,0.0,2.533535621782618,0.02096618886467902,0.03254226519337009,0.0024987312404846237,25.0,False,False
M2,recommendationservice/recommendationservice-6cdfff568c-hfdpn,/kubepods.slice/kubepods-burstable.slice/kubepods-burstable-pod40700a32_7008_4e6e_bad5_9c31fba9c065.slice/cri-containerd-2a4df52371b669304d640e95dee91867012f23dfaa7f0a24a4bf0f00c7f7d9eb.scope,2a4df52371b669304d640e95dee91867012f23dfaa7f0a24a4bf0f00c7f7d9eb,recommendationservice-6cdfff568c-hfdpn,onlineboutique,recommendationservice,recommendationservice,primary_application,k8s_snapshot_scope_match,1.0,k8s_snapshot_uid_containerid_match,"cpu_k8s_by_id:cgroup_path+snapshot,k8s_snapshot:deployment_fallback",0.9,container_id,resolved,False,cpu_k8s_by_id.json,container_cpu_usage_seconds_total,,0.0,0.0,0.0,0.0,0.0,0.0,14.0,False,True
M2,recommendationservice/recommendationservice-6cdfff568c-hfdpn,/kubepods.slice/kubepods-burstable.slice/kubepods-burstable-pod40700a32_7008_4e6e_bad5_9c31fba9c065.slice/cri-containerd-f8035196d9fe3bb94da7007d4015ed881a7a3a85aca62814b1e976ca6461bae8.scope,f8035196d9fe3bb94da7007d4015ed881a7a3a85aca62814b1e976ca6461bae8,recommendationservice-6cdfff568c-hfdpn,onlineboutique,recommendationservice,recommendationservice,primary_application,k8s_snapshot_scope_match,1.0,k8s_snapshot_uid_containerid_match,"cpu_k8s_by_id:cgroup_path+snapshot,k8s_snapshot:deployment_fallback",0.9,container_id,resolved,False,cpu_k8s_by_id.json,container_cpu_usage_seconds_total,,3.0151087956092213,8619.144572965894,3.0151087956092213,0.02497612995984845,0.041049872855556745,0.002231502662738137,25.0,False,False
M2,cartservice/cartservice-5b4df787c4-rkql5,/kubepods.slice/kubepods-burstable.slice/kubepods-burstable-pod46dbde56_e560_4a94_bd89_c85a006720c0.slice/cri-containerd-7fa7bf0bd64d58d50a5e110676b20df1a3f95d54c9bedb8f80289ea277293a02.scope,7fa7bf0bd64d58d50a5e110676b20df1a3f95d54c9bedb8f80289ea277293a02,cartservice-5b4df787c4-rkql5,onlineboutique,cartservice,cartservice,primary_application,k8s_snapshot_scope_match,1.0,k8s_snapshot_uid_containerid_match,"cpu_k8s_by_id:cgroup_path+snapshot,k8s_snapshot:deployment_fallback",0.9,container_id,resolved,False,cpu_k8s_by_id.json,container_cpu_usage_seconds_total,,3.952887578023631,11299.927075693638,3.952887578023631,0.032285338175153916,0.052443742467954566,0.002751823100446952,25.0,False,False
M2,cartservice/cartservice-5b4df787c4-rkql5,/kubepods.slice/kubepods-burstable.slice/kubepods-burstable-pod46dbde56_e560_4a94_bd89_c85a006720c0.slice/cri-containerd-ba1cf51b27e3916917d09d2aa24e56592b3200bdd23d907bf4764c79322446ee.scope,ba1cf51b27e3916917d09d2aa24e56592b3200bdd23d907bf4764c79322446ee,cartservice-5b4df787c4-rkql5,onlineboutique,cartservice,cartservice,primary_application,k8s_snapshot_scope_match,1.0,k8s_snapshot_uid_containerid_match,"cpu_k8s_by_id:cgroup_path+snapshot,k8s_snapshot:deployment_fallback",0.9,container_id,resolved,False,cpu_k8s_by_id.json,container_cpu_usage_seconds_total,,0.0,0.0,0.0,0.0,0.0,0.0,13.0,False,True
M2,elasticsearch-logging-0,/kubepods.slice/kubepods-burstable.slice/kubepods-burstable-pod509e7ed5_9016_4a57_b176_eb9ce3efa96b.slice/cri-containerd-1cbb9817e975b643f9f24c001ac11d95ccf4349f6db2589b388abb88222b3aa8.scope,1cbb9817e975b643f9f24c001ac11d95ccf4349f6db2589b388abb88222b3aa8,elasticsearch-logging-0,kube-system,,elasticsearch-logging-0,kubernetes_system,k8s_snapshot_non_sut_scope_match,0.8,k8s_snapshot_uid_containerid_match,"cpu_k8s_by_id:cgroup_path+snapshot,k8s_snapshot:pod_fallback",0.85,container_id,resolved,False,cpu_k8s_by_id.json,container_cpu_usage_seconds_total,,0.0,0.0,0.0,0.0,0.0,0.0,17.0,False,True
M2,elasticsearch-logging-0,/kubepods.slice/kubepods-burstable.slice/kubepods-burstable-pod509e7ed5_9016_4a57_b176_eb9ce3efa96b.slice/cri-containerd-9fd535e94656a10fb80e8015921ac5a9d8aeba58a700b5b98c0e3db56ab5f55a.scope,9fd535e94656a10fb80e8015921ac5a9d8aeba58a700b5b98c0e3db56ab5f55a,elasticsearch-logging-0,kube-system,,elasticsearch-logging-0,kubernetes_system,k8s_snapshot_non_sut_scope_match,0.8,k8s_snapshot_uid_containerid_match,"cpu_k8s_by_id:cgroup_path+snapshot,k8s_snapshot:pod_fallback",0.85,container_id,resolved,False,cpu_k8s_by_id.json,container_cpu_usage_seconds_total,,0.7338434956573643,0.0,0.7338434956573643,0.0061222802815046,0.006479243213600616,0.005973798805695696,25.0,False,False
M2,shippingservice/shippingservice-7db6785c5c-5b775,/kubepods.slice/kubepods-burstable.slice/kubepods-burstable-pod59a828ee_d63a_4b80_a3b2_80b0ecda60d4.slice/cri-containerd-5c822ffdbd865832d61ddc0d6b709410f06ac2b49caf8ee438fdb9b542865202.scope,5c822ffdbd865832d61ddc0d6b709410f06ac2b49caf8ee438fdb9b542865202,shippingservice-7db6785c5c-5b775,onlineboutique,shippingservice,shippingservice,primary_application,k8s_snapshot_scope_match,1.0,k8s_snapshot_uid_containerid_match,"cpu_k8s_by_id:cgroup_path+snapshot,k8s_snapshot:deployment_fallback",0.9,container_id,resolved,False,cpu_k8s_by_id.json,container_cpu_usage_seconds_total,,0.0,0.0,0.0,0.0,0.0,0.0,4.0,False,True
M2,shippingservice/shippingservice-7db6785c5c-5b775,/kubepods.slice/kubepods-burstable.slice/kubepods-burstable-pod59a828ee_d63a_4b80_a3b2_80b0ecda60d4.slice/cri-containerd-9f1bc53f8291e3190a051add5e47d063c8a54df789dcebac5838a6fb03312907.scope,9f1bc53f8291e3190a051add5e47d063c8a54df789dcebac5838a6fb03312907,shippingservice-7db6785c5c-5b775,onlineboutique,shippingservice,shippingservice,primary_application,k8s_snapshot_scope_match,1.0,k8s_snapshot_uid_containerid_match,"cpu_k8s_by_id:cgroup_path+snapshot,k8s_snapshot:deployment_fallback",0.9,container_id,resolved,False,cpu_k8s_by_id.json,container_cpu_usage_seconds_total,,0.6504855597343598,1859.51136826034,0.6504855597343598,0.005373982344239699,0.00827182298735624,0.00045155014321485843,25.0,False,False
M2,redis-cart/redis-cart-c8ff86559-t7cmw,/kubepods.slice/kubepods-burstable.slice/kubepods-burstable-pod5f6112e1_3607_4ee6_9c8e_d5a5fa02e293.slice/cri-containerd-98c0d3d2b38c555a29e5e51af63377557b701bc96307274108d13e468bc71e42.scope,98c0d3d2b38c555a29e5e51af63377557b701bc96307274108d13e468bc71e42,redis-cart-c8ff86559-t7cmw,onlineboutique,redis-cart,redis-cart,primary_application,k8s_snapshot_scope_match,1.0,k8s_snapshot_uid_containerid_match,"cpu_k8s_by_id:cgroup_path+snapshot,k8s_snapshot:deployment_fallback",0.9,container_id,resolved,False,cpu_k8s_by_id.json,container_cpu_usage_seconds_total,,0.0,0.0,0.0,0.0,0.0,0.0,25.0,False,True
M2,redis-cart/redis-cart-c8ff86559-t7cmw,/kubepods.slice/kubepods-burstable.slice/kubepods-burstable-pod5f6112e1_3607_4ee6_9c8e_d5a5fa02e293.slice/cri-containerd-cbb366d7499ad0d1d0f8346d61d0358d34cff00909b9adbfa8521d9d2cde3f11.scope,cbb366d7499ad0d1d0f8346d61d0358d34cff00909b9adbfa8521d9d2cde3f11,redis-cart-c8ff86559-t7cmw,onlineboutique,redis-cart,redis-cart,primary_application,k8s_snapshot_scope_match,1.0,k8s_snapshot_uid_containerid_match,"cpu_k8s_by_id:cgroup_path+snapshot,k8s_snapshot:deployment_fallback",0.9,container_id,resolved,False,cpu_k8s_by_id.json,container_cpu_usage_seconds_total,,0.5529527216398815,1580.6989972533013,0.5529527216398815,0.004578063905375015,0.005770284079296955,0.0022983040527230067,25.0,False,False
M2,kibana-logging/kibana-logging-58b7b79ff8-p4kjr,/kubepods.slice/kubepods-burstable.slice/kubepods-burstable-pod6430490f_e40b_4ea6_8d51_59105514b7c5.slice/cri-containerd-73458d6e74c222fc6cee1187d87cd72a1609d240e0937b958d916b21aab30f79.scope,73458d6e74c222fc6cee1187d87cd72a1609d240e0937b958d916b21aab30f79,kibana-logging-58b7b79ff8-p4kjr,kube-system,kibana-logging,kibana-logging,kubernetes_system,k8s_snapshot_non_sut_scope_match,0.8,k8s_snapshot_uid_containerid_match,"cpu_k8s_by_id:cgroup_path+snapshot,k8s_snapshot:deployment_fallback",0.9,container_id,resolved,False,cpu_k8s_by_id.json,container_cpu_usage_seconds_total,,0.14703918003421523,0.0,0.14703918003421523,0.001224651246730035,0.001268039538715039,0.0010777799999999972,25.0,False,False
M2,kibana-logging/kibana-logging-58b7b79ff8-p4kjr,/kubepods.slice/kubepods-burstable.slice/kubepods-burstable-pod6430490f_e40b_4ea6_8d51_59105514b7c5.slice/cri-containerd-7567beaa30ec9dc2982c4fe15e4ed8d5bf349797be9bdd4a12aecae83132313d.scope,7567beaa30ec9dc2982c4fe15e4ed8d5bf349797be9bdd4a12aecae83132313d,kibana-logging-58b7b79ff8-p4kjr,kube-system,kibana-logging,kibana-logging,kubernetes_system,k8s_snapshot_non_sut_scope_match,0.8,k8s_snapshot_uid_containerid_match,"cpu_k8s_by_id:cgroup_path+snapshot,k8s_snapshot:deployment_fallback",0.9,container_id,resolved,False,cpu_k8s_by_id.json,container_cpu_usage_seconds_total,,0.0,0.0,0.0,0.0,0.0,0.0,12.0,False,True
M2,paymentservice/paymentservice-6fbb76bd5f-zkcxr,/kubepods.slice/kubepods-burstable.slice/kubepods-burstable-pod83192840_5a51_47c7_a0b2_791f8829bc6e.slice/cri-containerd-089a94c942bd50f5ce62504a108bb2f377924ee14bb688005843115435b66484.scope,089a94c942bd50f5ce62504a108bb2f377924ee14bb688005843115435b66484,paymentservice-6fbb76bd5f-zkcxr,onlineboutique,paymentservice,paymentservice,primary_application,k8s_snapshot_scope_match,1.0,k8s_snapshot_uid_containerid_match,"cpu_k8s_by_id:cgroup_path+snapshot,k8s_snapshot:deployment_fallback",0.9,container_id,resolved,False,cpu_k8s_by_id.json,container_cpu_usage_seconds_total,,0.0,0.0,0.0,0.0,0.0,0.0,1.0,False,True
M2,paymentservice/paymentservice-6fbb76bd5f-zkcxr,/kubepods.slice/kubepods-burstable.slice/kubepods-burstable-pod83192840_5a51_47c7_a0b2_791f8829bc6e.slice/cri-containerd-fe93d0c5ab755f177bb1a0ffcc84c1edf195f2dbb255555e3d0307b3380da8db.scope,fe93d0c5ab755f177bb1a0ffcc84c1edf195f2dbb255555e3d0307b3380da8db,paymentservice-6fbb76bd5f-zkcxr,onlineboutique,paymentservice,paymentservice,primary_application,k8s_snapshot_scope_match,1.0,k8s_snapshot_uid_containerid_match,"cpu_k8s_by_id:cgroup_path+snapshot,k8s_snapshot:deployment_fallback",0.9,container_id,resolved,False,cpu_k8s_by_id.json,container_cpu_usage_seconds_total,,2.6145082129145076,7473.967210448051,2.6145082129145076,0.02161060311061548,0.03514312124480049,0.0003178989026803385,25.0,False,False
M2,elasticsearch-logging-1,/kubepods.slice/kubepods-burstable.slice/kubepods-burstable-pod8410baa0_73c5_4164_941e_073ab77b8183.slice/cri-containerd-2659fcab090818d52fcc7fa03c88f11e8116dd18d9442e3ef0562352ae803ba7.scope,2659fcab090818d52fcc7fa03c88f11e8116dd18d9442e3ef0562352ae803ba7,elasticsearch-logging-1,kube-system,,elasticsearch-logging-1,kubernetes_system,k8s_snapshot_non_sut_scope_match,0.8,k8s_snapshot_uid_containerid_match,"cpu_k8s_by_id:cgroup_path+snapshot,k8s_snapshot:pod_fallback",0.85,container_id,resolved,False,cpu_k8s_by_id.json,container_cpu_usage_seconds_total,,0.0,0.0,0.0,0.0,0.0,0.0,10.0,False,True
M2,elasticsearch-logging-1,/kubepods.slice/kubepods-burstable.slice/kubepods-burstable-pod8410baa0_73c5_4164_941e_073ab77b8183.slice/cri-containerd-80a4e82569dc2150cc4cf8896189ad297e5b691b0bffc7ba6d00bf39b94ed98e.scope,80a4e82569dc2150cc4cf8896189ad297e5b691b0bffc7ba6d00bf39b94ed98e,elasticsearch-logging-1,kube-system,,elasticsearch-logging-1,kubernetes_system,k8s_snapshot_non_sut_scope_match,0.8,k8s_snapshot_uid_containerid_match,"cpu_k8s_by_id:cgroup_path+snapshot,k8s_snapshot:pod_fallback",0.85,container_id,resolved,False,cpu_k8s_by_id.json,container_cpu_usage_seconds_total,,0.743425627356523,0.0,0.743425627356523,0.006204127056389352,0.00652257195491579,0.005986024873501253,25.0,False,False
M2,alertsnitch-mysql/alertsnitch-mysql-67b58b84d6-vnhzv,/kubepods.slice/kubepods-burstable.slice/kubepods-burstable-pod99b56cf7_2ef7_4cf2_9af5_19ea71654a3d.slice/cri-containerd-13f02f8bba1e1e46b2cfef4c960083ece0c104c2c1c18b48c23aa74385fcbc20.scope,13f02f8bba1e1e46b2cfef4c960083ece0c104c2c1c18b48c23aa74385fcbc20,alertsnitch-mysql-67b58b84d6-vnhzv,kube-system,alertsnitch-mysql,alertsnitch-mysql,kubernetes_system,k8s_snapshot_non_sut_scope_match,0.8,k8s_snapshot_uid_containerid_match,"cpu_k8s_by_id:cgroup_path+snapshot,k8s_snapshot:deployment_fallback",0.9,container_id,resolved,False,cpu_k8s_by_id.json,container_cpu_usage_seconds_total,,0.0,0.0,0.0,0.0,0.0,0.0,15.0,False,True
M2,alertsnitch-mysql/alertsnitch-mysql-67b58b84d6-vnhzv,/kubepods.slice/kubepods-burstable.slice/kubepods-burstable-pod99b56cf7_2ef7_4cf2_9af5_19ea71654a3d.slice/cri-containerd-4fc1c6cacad75b1638c9b12f91a8859372c17fdc27df045944adc78cd3e6edf2.scope,4fc1c6cacad75b1638c9b12f91a8859372c17fdc27df045944adc78cd3e6edf2,alertsnitch-mysql-67b58b84d6-vnhzv,kube-system,alertsnitch-mysql,alertsnitch-mysql,kubernetes_system,k8s_snapshot_non_sut_scope_match,0.8,k8s_snapshot_uid_containerid_match,"cpu_k8s_by_id:cgroup_path+snapshot,k8s_snapshot:deployment_fallback",0.9,container_id,resolved,False,cpu_k8s_by_id.json,container_cpu_usage_seconds_total,,0.21497320073191167,0.0,0.21497320073191167,0.0017942005155867301,0.001914275440488971,0.0016948880918282385,25.0,False,False
M2,productcatalogservice/productcatalogservice-54c88b8d77-zcjd2,/kubepods.slice/kubepods-burstable.slice/kubepods-burstable-podcc7a11b6_d9ca_4249_9da6_1cabb91b7fdd.slice/cri-containerd-525d7fcde8c1f838e7fb20df06df5c1e7590e81a5dcb67a54fc92c9030a77fec.scope,525d7fcde8c1f838e7fb20df06df5c1e7590e81a5dcb67a54fc92c9030a77fec,productcatalogservice-54c88b8d77-zcjd2,onlineboutique,productcatalogservice,productcatalogservice,primary_application,k8s_snapshot_scope_match,1.0,k8s_snapshot_uid_containerid_match,"cpu_k8s_by_id:cgroup_path+snapshot,k8s_snapshot:deployment_fallback",0.9,container_id,resolved,False,cpu_k8s_by_id.json,container_cpu_usage_seconds_total,,0.0,0.0,0.0,0.0,0.0,0.0,8.0,False,True
M2,productcatalogservice/productcatalogservice-54c88b8d77-zcjd2,/kubepods.slice/kubepods-burstable.slice/kubepods-burstable-podcc7a11b6_d9ca_4249_9da6_1cabb91b7fdd.slice/cri-containerd-dc930f0c38a18ae27c600acb3f022de5d296674c1f4b6801cdc92517b2237e24.scope,dc930f0c38a18ae27c600acb3f022de5d296674c1f4b6801cdc92517b2237e24,productcatalogservice-54c88b8d77-zcjd2,onlineboutique,productcatalogservice,productcatalogservice,primary_application,k8s_snapshot_scope_match,1.0,k8s_snapshot_uid_containerid_match,"cpu_k8s_by_id:cgroup_path+snapshot,k8s_snapshot:deployment_fallback",0.9,container_id,resolved,False,cpu_k8s_by_id.json,container_cpu_usage_seconds_total,,3.380327417637348,9663.177248862672,3.380327417637348,0.027869875753732908,0.04211581812535394,0.0003209908728721477,25.0,False,False
M2,prometheus/prometheus-fd4dbd5d6-csp97,/kubepods.slice/kubepods-burstable.slice/kubepods-burstable-poddb6cb0be_eec7_4a2b_9393_2054712db451.slice/cri-containerd-73ca3a13fd86f285ffad39c0c107bdbaeb1bcc317d2c26c1d6d50c7ffb83934e.scope,73ca3a13fd86f285ffad39c0c107bdbaeb1bcc317d2c26c1d6d50c7ffb83934e,prometheus-fd4dbd5d6-csp97,kube-system,prometheus,prometheus,kubernetes_system,k8s_snapshot_non_sut_scope_match,0.8,k8s_snapshot_uid_containerid_match,"cpu_k8s_by_id:cgroup_path+snapshot,k8s_snapshot:deployment_fallback",0.9,container_id,resolved,True,cpu_k8s_by_id.json,container_cpu_usage_seconds_total,,0.0,0.0,0.0,0.0,0.0,0.0,12.0,False,True
M2,emailservice/emailservice-6566d89967-5vzk7,/kubepods.slice/kubepods-burstable.slice/kubepods-burstable-podde89714e_a5d7_4a4b_a050_a0f92ce01564.slice/cri-containerd-9cc885614b98ea3a658231a94c698d1eb1bb87ccd119b9fbc21634b5bdb79b84.scope,9cc885614b98ea3a658231a94c698d1eb1bb87ccd119b9fbc21634b5bdb79b84,emailservice-6566d89967-5vzk7,onlineboutique,emailservice,emailservice,primary_application,k8s_snapshot_scope_match,1.0,k8s_snapshot_uid_containerid_match,"cpu_k8s_by_id:cgroup_path+snapshot,k8s_snapshot:deployment_fallback",0.9,container_id,resolved,False,cpu_k8s_by_id.json,container_cpu_usage_seconds_total,,0.6110079125501389,1746.6585421942118,0.6110079125501389,0.005060666293653034,0.006862414710513458,0.00199928217644103,25.0,False,False
M2,emailservice/emailservice-6566d89967-5vzk7,/kubepods.slice/kubepods-burstable.slice/kubepods-burstable-podde89714e_a5d7_4a4b_a050_a0f92ce01564.slice/cri-containerd-a383d7a1bb3a69433fc56e8412753a909486942aee3030213ed5977e536a7ca3.scope,a383d7a1bb3a69433fc56e8412753a909486942aee3030213ed5977e536a7ca3,emailservice-6566d89967-5vzk7,onlineboutique,emailservice,emailservice,primary_application,k8s_snapshot_scope_match,1.0,k8s_snapshot_uid_containerid_match,"cpu_k8s_by_id:cgroup_path+snapshot,k8s_snapshot:deployment_fallback",0.9,container_id,resolved,False,cpu_k8s_by_id.json,container_cpu_usage_seconds_total,,0.0,0.0,0.0,0.0,0.0,0.0,22.0,False,True
M2,metrics-server/metrics-server-c8774f4f4-pxq75,/kubepods.slice/kubepods-burstable.slice/kubepods-burstable-podea7a558a_01b1_4c1b_9c40_ef15f1cf8b33.slice/cri-containerd-0bec65982d87de63b20a7468f7fd6dbf10a410c50a69bbf2d832f73b348221ae.scope,0bec65982d87de63b20a7468f7fd6dbf10a410c50a69bbf2d832f73b348221ae,metrics-server-c8774f4f4-pxq75,kube-system,metrics-server,metrics-server,kubernetes_system,k8s_snapshot_non_sut_scope_match,0.95,k8s_snapshot_uid_containerid_match,"cpu_k8s_by_id:cgroup_path+snapshot,k8s_snapshot:deployment_fallback",0.9,container_id,resolved,False,cpu_k8s_by_id.json,container_cpu_usage_seconds_total,,0.6703717106046132,0.0,0.6703717106046132,0.005588404304483746,0.005845081346271696,0.005360804886548839,25.0,False,False
M2,metrics-server/metrics-server-c8774f4f4-pxq75,/kubepods.slice/kubepods-burstable.slice/kubepods-burstable-podea7a558a_01b1_4c1b_9c40_ef15f1cf8b33.slice/cri-containerd-72bcc0c9519fe583f68ae099d4579bad15364023b18bd5ede84ee72f7a7029e6.scope,72bcc0c9519fe583f68ae099d4579bad15364023b18bd5ede84ee72f7a7029e6,metrics-server-c8774f4f4-pxq75,kube-system,metrics-server,metrics-server,kubernetes_system,k8s_snapshot_non_sut_scope_match,0.95,k8s_snapshot_uid_containerid_match,"cpu_k8s_by_id:cgroup_path+snapshot,k8s_snapshot:deployment_fallback",0.9,container_id,resolved,False,cpu_k8s_by_id.json,container_cpu_usage_seconds_total,,0.0,0.0,0.0,0.0,0.0,0.0,11.0,False,True
M2,frontend-c55994c/frontend-c55994c-xlh4f,/kubepods.slice/kubepods-burstable.slice/kubepods-burstable-podea90e5d3_db80_4cfd_a0d1_eda4ec6046cf.slice/cri-containerd-0fe8a6457290e085e3cadd0a20d808cfe3626e13e294211369392f1c59357607.scope,0fe8a6457290e085e3cadd0a20d808cfe3626e13e294211369392f1c59357607,frontend-c55994c-xlh4f,onlineboutique,frontend-c55994c,frontend-c55994c,primary_application,k8s_snapshot_scope_match,0.95,k8s_snapshot_uid_containerid_match,"cpu_k8s_by_id:cgroup_path+snapshot,k8s_snapshot:deployment_fallback",0.9,container_id,resolved,False,cpu_k8s_by_id.json,container_cpu_usage_seconds_total,,15.230559045307627,43538.856882965316,15.230559045307627,0.1257627799161741,0.19572110298048034,0.00019427470517261494,25.0,False,False
M2,frontend-c55994c/frontend-c55994c-xlh4f,/kubepods.slice/kubepods-burstable.slice/kubepods-burstable-podea90e5d3_db80_4cfd_a0d1_eda4ec6046cf.slice/cri-containerd-8379e84332bcc6589223d4381649c0ddcd74be614c4a2e60fd5e18919132a902.scope,8379e84332bcc6589223d4381649c0ddcd74be614c4a2e60fd5e18919132a902,frontend-c55994c-xlh4f,onlineboutique,frontend-c55994c,frontend-c55994c,primary_application,k8s_snapshot_scope_match,0.95,k8s_snapshot_uid_containerid_match,"cpu_k8s_by_id:cgroup_path+snapshot,k8s_snapshot:deployment_fallback",0.9,container_id,resolved,False,cpu_k8s_by_id.json,container_cpu_usage_seconds_total,,0.0,0.0,0.0,0.0,0.0,0.0,9.0,False,True
M2,adservice/adservice-55956bbb7f-5gs6c,/kubepods.slice/kubepods-burstable.slice/kubepods-burstable-podf786d219_451b_4f3c_8626_cb94ea360dd5.slice/cri-containerd-24d835894de9917c44d3b45382b01bcd3e0832c34bad63ccfc1cf08bb615150c.scope,24d835894de9917c44d3b45382b01bcd3e0832c34bad63ccfc1cf08bb615150c,adservice-55956bbb7f-5gs6c,onlineboutique,adservice,adservice,primary_application,k8s_snapshot_scope_match,1.0,k8s_snapshot_uid_containerid_match,"cpu_k8s_by_id:cgroup_path+snapshot,k8s_snapshot:deployment_fallback",0.9,container_id,resolved,False,cpu_k8s_by_id.json,container_cpu_usage_seconds_total,,0.0,0.0,0.0,0.0,0.0,0.0,12.0,False,True
M2,adservice/adservice-55956bbb7f-5gs6c,/kubepods.slice/kubepods-burstable.slice/kubepods-burstable-podf786d219_451b_4f3c_8626_cb94ea360dd5.slice/cri-containerd-4e42843cb7e11f6022c86e9e5f2510fbe2da55905b505422bf7e0fe3a5a09eb8.scope,4e42843cb7e11f6022c86e9e5f2510fbe2da55905b505422bf7e0fe3a5a09eb8,adservice-55956bbb7f-5gs6c,onlineboutique,adservice,adservice,primary_application,k8s_snapshot_scope_match,1.0,k8s_snapshot_uid_containerid_match,"cpu_k8s_by_id:cgroup_path+snapshot,k8s_snapshot:deployment_fallback",0.9,container_id,resolved,False,cpu_k8s_by_id.json,container_cpu_usage_seconds_total,,8.047924685947008,23006.210084867773,8.047924685947008,0.06581785355245053,0.1052216004990093,0.003250652599521427,25.0,False,False
M2,alertmanager/alertmanager-cd9f7ff55-fcwjb,/kubepods.slice/kubepods-podae0e126c_2113_4ad2_91e3_62d461bd556b.slice/cri-containerd-f41e6917f247a0a3e88dc6640eb4a667ae4d2c28521bce634743cd338c78a1ff.scope,f41e6917f247a0a3e88dc6640eb4a667ae4d2c28521bce634743cd338c78a1ff,alertmanager-cd9f7ff55-fcwjb,kube-system,alertmanager,alertmanager,kubernetes_system,k8s_snapshot_non_sut_scope_match,0.8,k8s_snapshot_uid_containerid_match,"cpu_k8s_by_id:cgroup_path+snapshot,k8s_snapshot:deployment_fallback",0.9,container_id,resolved,False,cpu_k8s_by_id.json,container_cpu_usage_seconds_total,,0.0,0.0,0.0,0.0,0.0,0.0,3.0,False,True
M2,grafana-core/grafana-core-6d6bbd7cfc-9ccq6,/kubepods.slice/kubepods-podb5ae38fc_f22b_4b36_8079_f490a3ba597f.slice/cri-containerd-d10f224fbf4b8e2ccba1b5d1ca2ddd9af8ad67720d144f5d7a07bcebdd426c7c.scope,d10f224fbf4b8e2ccba1b5d1ca2ddd9af8ad67720d144f5d7a07bcebdd426c7c,grafana-core-6d6bbd7cfc-9ccq6,kube-system,grafana-core,grafana-core,kubernetes_system,k8s_snapshot_non_sut_scope_match,0.8,k8s_snapshot_uid_containerid_match,"cpu_k8s_by_id:cgroup_path+snapshot,k8s_snapshot:deployment_fallback",0.9,container_id,resolved,True,cpu_k8s_by_id.json,container_cpu_usage_seconds_total,,0.0,0.0,0.0,0.0,0.0,0.0,3.0,False,True
