group,label,cpu_mean,cpu_max,energy_mean,energy_max,meter_mean,meter_min,meter_max,meter_start,meter_end,meter_delta,sample_count,error_count
energy_by_container_name,616729ff1464,,,0.010345250576581316,0.012738982619441652,,,,,,,,
energy_by_container_name,7f47bd3743e5,,,0.010084060255693415,0.011595709090911233,,,,,,,,
energy_by_container_name,coredns,,,0.006760595595146655,0.018543469565851293,,,,,,,,
energy_by_container_name,d76bae99d79e,,,0.0673438428250081,0.09450670884697072,,,,,,,,
energy_by_container_name,kepler,,,0.04317252581715835,0.06911003636365338,,,,,,,,
energy_by_container_name,lb-tcp-443,,,0.0,0.0,,,,,,,,
energy_by_container_name,lb-tcp-80,,,0.0,0.0,,,,,,,,
energy_by_container_name,local-path-provisioner,,,5.143887784955902e-05,0.0002572187068149642,,,,,,,,
energy_by_container_name,metrics-server,,,0.003984257979214453,0.005074218181821069,,,,,,,,
energy_by_container_name,nginx,,,0.0,0.0,,,,,,,,
energy_by_container_name,redis,,,0.0017625660912628054,0.00288060091,,,,,,,,
energy_by_container_name,server,,,0.10068862194998986,0.19398846286411206,,,,,,,,
energy_by_container_name,traefik,,,0.0004199715424172692,0.0005082733289694786,,,,,,,,
cpu_k8s_by_id,/kubepods.slice/kubepods-besteffort.slice/kubepods-besteffort-pod162c85c1_efcc_4d47_9473_e8345ba864b6.slice/cri-containerd-46c263940d5e4a7961277b82f89a3d72a8a54467694215d0b27444d581de68bf.scope,0.0,0.0,,,,,,,,,,
cpu_k8s_by_id,/kubepods.slice/kubepods-besteffort.slice/kubepods-besteffort-pod162c85c1_efcc_4d47_9473_e8345ba864b6.slice/cri-containerd-60972ddbeee05aa69377f6804d354776c93fc0418dcefaab678328f79d739084.scope,6.742514287881745e-05,0.00012675433129898708,,,,,,,,,,
cpu_k8s_by_id,/kubepods.slice/kubepods-besteffort.slice/kubepods-besteffort-pod17f1d06b_1bd4_42ac_8ad1_48a05662a9fe.slice/cri-containerd-86c2754028d63611b83c4585d0180232243982f0025796ca54c10e831b782578.scope,0.0,0.0,,,,,,,,,,
cpu_k8s_by_id,/kubepods.slice/kubepods-besteffort.slice/kubepods-besteffort-pod17f1d06b_1bd4_42ac_8ad1_48a05662a9fe.slice/cri-containerd-af3048cfe0129d8de3179281607d33090dd9904577647d705123d1776ac99b79.scope,0.00032986114367207053,0.00039386775684326406,,,,,,,,,,
cpu_k8s_by_id,/kubepods.slice/kubepods-besteffort.slice/kubepods-besteffort-pod332458dd_5050_4e27_8b0e_3435f83b17b4.slice/cri-containerd-bb2f824caf3299d1d8739851013fcac6ca9f60ad8a871bd9c6801ff1b04a8f7b.scope,0.0,0.0,,,,,,,,,,
cpu_k8s_by_id,/kubepods.slice/kubepods-besteffort.slice/kubepods-besteffort-pod332458dd_5050_4e27_8b0e_3435f83b17b4.slice/cri-containerd-fc4afafbff7984a8901614b44bbb3e4ea97b64ebea132373e8f77e4e5e447cd7.scope,0.0,0.0,,,,,,,,,,
cpu_k8s_by_id,/kubepods.slice/kubepods-besteffort.slice/kubepods-besteffort-pod4da952a2_8044_4e4b_ac81_c99dc42da725.slice/cri-containerd-2d2571f77ea5211f08757ea2e4feadf64b608ec9c61b30f5ac773aa886c7d4ed.scope,0.0,0.0,,,,,,,,,,
cpu_k8s_by_id,/kubepods.slice/kubepods-besteffort.slice/kubepods-besteffort-pod4da952a2_8044_4e4b_ac81_c99dc42da725.slice/cri-containerd-f89e84467350d0938f4c75812be4202a5e8d5738e0c61cc235fdde2d6ab8dffc.scope,0.0,0.0,,,,,,,,,,
cpu_k8s_by_id,/kubepods.slice/kubepods-besteffort.slice/kubepods-besteffort-pod4da952a2_8044_4e4b_ac81_c99dc42da725.slice/cri-containerd-fb175a6eb93832ccd6c2e323d3bbcfb64e605c10b1b1191c801ab086a809b5dc.scope,0.0,0.0,,,,,,,,,,
cpu_k8s_by_id,/kubepods.slice/kubepods-besteffort.slice/kubepods-besteffort-pod9ca44f0a_7bb6_4d38_a35a_77697ad9b433.slice/cri-containerd-0a2171ca6c79f57ebd514f5884d93fa4f89ed131a5c7f0acb4af824424bd3321.scope,0.0,0.0,,,,,,,,,,
cpu_k8s_by_id,/kubepods.slice/kubepods-besteffort.slice/kubepods-besteffort-pod9ca44f0a_7bb6_4d38_a35a_77697ad9b433.slice/cri-containerd-7fe29bc0a2a8a56b313ae2918283d544491d681c9ff3a21844f496443045ac78.scope,0.02612999451141426,0.04355183606854202,,,,,,,,,,
cpu_k8s_by_id,/kubepods.slice/kubepods-burstable.slice/kubepods-burstable-pod7b53221b_3834_4d8b_9cd9_4ec3e04da5e2.slice/cri-containerd-7466e98d33dd9be79303e618eb56ea4a73ef01db255b6523882a231ab9c98001.scope,0.0,0.0,,,,,,,,,,
cpu_k8s_by_id,/kubepods.slice/kubepods-burstable.slice/kubepods-burstable-pod7b53221b_3834_4d8b_9cd9_4ec3e04da5e2.slice/cri-containerd-afc13b970327210d132ca209e9d5447ee40a830c85748afb8ad95a2e8a873099.scope,0.005100156526801947,0.008165019201027223,,,,,,,,,,
cpu_k8s_by_id,/kubepods.slice/kubepods-burstable.slice/kubepods-burstable-pod8453e8cc_7a0b_4057_aebf_9d7850436d8c.slice/cri-containerd-e8d3a557c0c0a728fdb1629ac44a306d250c10c5c8ead73467a907a731d91ef2.scope,0.0005603960354208844,0.0011310052409375469,,,,,,,,,,
cpu_k8s_by_id,/kubepods.slice/kubepods-burstable.slice/kubepods-burstable-pod86e6f08e_5b7f_49db_978c_f72a11684f46.slice/cri-containerd-06bc623861c3c9d85d798fb1d576e835b3454da63bd7a26a100e70f0a9e5d0d8.scope,0.026166818900501144,0.04474082185996007,,,,,,,,,,
cpu_k8s_by_id,/kubepods.slice/kubepods-burstable.slice/kubepods-burstable-pod86e6f08e_5b7f_49db_978c_f72a11684f46.slice/cri-containerd-425c5c19e43d7420b219050f1e4bc1327fe0575f31c4f040e5aef974d048dc34.scope,0.0,0.0,,,,,,,,,,
cpu_k8s_by_id,/kubepods.slice/kubepods-burstable.slice/kubepods-burstable-pod9437584a_f45d_4000_808c_73074faae173.slice/cri-containerd-344975a2a41fbab423e91fdf7542383f5766d6abab66a559b4941d0234c8ba8c.scope,0.0010431346995546707,0.001689372355309855,,,,,,,,,,
cpu_k8s_by_id,/kubepods.slice/kubepods-burstable.slice/kubepods-burstable-pod9437584a_f45d_4000_808c_73074faae173.slice/cri-containerd-dda3e13379bf854024d7dabe8a986a60b893a0be44953b23e034a7be8423afd6.scope,0.0,0.0,,,,,,,,,,
cpu_k8s_by_id,/kubepods.slice/kubepods-burstable.slice/kubepods-burstable-pod96b6c892_0510_4f1a_947f_e2fac730dd5d.slice/cri-containerd-bb6dd9ddf7cfea8ae9571e64ea2aff7133dbc11b58c019896d86199dac050caa.scope,0.0,0.0,,,,,,,,,,
cpu_k8s_by_id,/kubepods.slice/kubepods-burstable.slice/kubepods-burstable-pod96b6c892_0510_4f1a_947f_e2fac730dd5d.slice/cri-containerd-e576985d6d4ca8ff164c2f14fa3e3d1350ae6a96ee2632dc399a2c2fa2bae29d.scope,0.0007744834273171015,0.0013720340831484394,,,,,,,,,,
cpu_k8s_by_id,/kubepods.slice/kubepods-burstable.slice/kubepods-burstable-poda00b88b6_9dd6_42c7_b47c_c228f9c9dbdd.slice/cri-containerd-bec24fd01f567014a99ecb47168452a6b1a12df6c811fd6f97d5f73148844d3e.scope,0.008278579782390666,0.01786645403227106,,,,,,,,,,
cpu_k8s_by_id,/kubepods.slice/kubepods-burstable.slice/kubepods-burstable-poda5b0ae0b_fc5a_4f97_a779_849924231df7.slice/cri-containerd-ce5ae467d7ac024b69454228a59894f9949d3dc8ff786dbf7dfc7143fcab4500.scope,0.0,0.0,,,,,,,,,,
cpu_k8s_by_id,/kubepods.slice/kubepods-burstable.slice/kubepods-burstable-poda5b0ae0b_fc5a_4f97_a779_849924231df7.slice/cri-containerd-f266769b4be272177b22203ea12e030a6ea29244008418b6b6bfc16c7253507b.scope,0.002424470805257584,0.002663416174450389,,,,,,,,,,
cpu_k8s_by_id,/kubepods.slice/kubepods-burstable.slice/kubepods-burstable-podaae1cc87_3050_4d64_b3fa_6a2ad8df5a47.slice/cri-containerd-a9c3be2ba92439d05f65462627da5dab50e91d11af4ec727d2148050662db9e0.scope,0.0005853969844930932,0.000997868224038912,,,,,,,,,,
cpu_k8s_by_id,/kubepods.slice/kubepods-burstable.slice/kubepods-burstable-podac6f2544_759d_41bc_a638_3173571e4b6d.slice/cri-containerd-da30a1dc23c3ac94cd7e9fa6d2d8fd9e5fc3dd4a2172f556a48dc736b8fb0185.scope,0.020623417255240434,0.03537923138240246,,,,,,,,,,
cpu_k8s_by_id,/kubepods.slice/kubepods-burstable.slice/kubepods-burstable-podcd92601d_26c7_4a59_8dae_7d7da72844ec.slice/cri-containerd-d89164d07b67cd7e039568ea846a6dbc9222bedacf13d710d7282c38783d2743.scope,0.0010414011405729135,0.0018331158385095248,,,,,,,,,,
cpu_k8s_by_id,/kubepods.slice/kubepods-burstable.slice/kubepods-burstable-pode793289d_08ed_4c4e_a9ce_5f8eaa35c92a.slice/cri-containerd-42e62aa57821292f2d6e7cef57e74f8cc9d828f385a74ad670230911c04f4f5b.scope,0.0,0.0,,,,,,,,,,
cpu_k8s_by_id,/kubepods.slice/kubepods-burstable.slice/kubepods-burstable-pode793289d_08ed_4c4e_a9ce_5f8eaa35c92a.slice/cri-containerd-e5f10ebbb3b4f38a0dcbc066d188d00f3ee1b3c2f27dcebbaecf06eb0da6153b.scope,0.0042540448245024665,0.012956405207307401,,,,,,,,,,
cpu_k8s_by_id,/kubepods.slice/kubepods-burstable.slice/kubepods-burstable-podf6981eb3_00f0_4fa5_8afa_878a3de0facd.slice/cri-containerd-51a2377f09c45101d09869cd515851494e25fcbbb7d0b7efd28280658de2a87c.scope,0.007323692641727261,0.011863654808067559,,,,,,,,,,
cpu_k8s_by_id,/kubepods.slice/kubepods-burstable.slice/kubepods-burstable-podf6981eb3_00f0_4fa5_8afa_878a3de0facd.slice/cri-containerd-b18d14c064ceaea4dbe0119e2575abf4bfd68c5407aa1331ece8eef23aa87978.scope,0.0,0.0,,,,,,,,,,
cpu_k8s_by_id,/kubepods.slice/kubepods-burstable.slice/kubepods-burstable-podffd07cd6_0805_4189_a366_e41f59384c7b.slice/cri-containerd-1425d7c615d9b851edf6b1cef87c97e482ffa0b7c7472e1f59cd723e5259da0d.scope,0.0,0.0,,,,,,,,,,
cpu_k8s_by_id,/kubepods.slice/kubepods-burstable.slice/kubepods-burstable-podffd07cd6_0805_4189_a366_e41f59384c7b.slice/cri-containerd-a17c821615cfc70a6c6bbe37df21026d92adabc15b69d28fd71d626825cc8932.scope,0.004380310561631398,0.008096651528258364,,,,,,,,,,
cpu_total,total,0.7388342473191729,1.526467528083259,,,,,,,,,,
physical_power_meter,status,,,,,,,,,,,241,0
physical_power_meter,apower,,,,,153.82157676348547,148.2,160.0,,,,241,0
physical_power_meter_energy,aenergy_total,,,,,19306.30446887967,19301.324,19311.489,,,,241,0
