Timestamp,User Count,Type,Name,Requests/s,Failures/s,50%,66%,75%,80%,90%,95%,98%,99%,99.9%,99.99%,100%,Total Request Count,Total Failure Count,Total Median Response Time,Total Average Response Time,Total Min Response Time,Total Max Response Time,Total Average Content Size
1781007469,0,,Aggregated,0.000000,0.000000,N/A,N/A,N/A,N/A,N/A,N/A,N/A,N/A,N/A,N/A,N/A,0,0,0,0.0,0,0,0
1781007470,5,GET,/,0.000000,0.000000,0,0,0,0,0,0,0,0,0,0,0,5,0,7,7.774328999221325,4.5278919860720634,12.334156781435013,2583.0
1781007470,5,,Aggregated,0.000000,0.000000,0,0,0,0,0,0,0,0,0,0,0,5,0,7,7.774328999221325,4.5278919860720634,12.334156781435013,2583.0
1781007471,10,GET,/,0.000000,0.000000,7,9,10,10,11,11,11,11,11,11,11,13,0,7,6.880117651934807,2.567099407315254,12.334156781435013,2583.0
1781007471,10,,Aggregated,0.000000,0.000000,7,9,10,10,11,11,11,11,11,11,11,13,0,7,6.880117651934807,2.567099407315254,12.334156781435013,2583.0
1781007472,15,GET,/,5.000000,0.000000,4,5,6,7,10,11,11,11,11,11,11,25,0,5,5.2720120176672935,2.250898629426956,12.334156781435013,2583.0
1781007472,15,,Aggregated,5.000000,0.000000,4,5,6,7,10,11,11,11,11,11,11,25,0,5,5.2720120176672935,2.250898629426956,12.334156781435013,2583.0
1781007473,20,GET,/,5.000000,0.000000,3,5,5,6,8,10,11,11,11,11,11,41,0,3,4.6290183985015245,2.140211872756481,12.334156781435013,2583.0
1781007473,20,,Aggregated,5.000000,0.000000,3,5,5,6,8,10,11,11,11,11,11,41,0,3,4.6290183985015245,2.140211872756481,12.334156781435013,2583.0
1781007474,25,GET,/,6.000000,0.000000,3,5,5,6,8,9,11,11,11,11,11,50,0,3,4.589114040136337,2.140211872756481,12.334156781435013,2583.0
1781007474,25,,Aggregated,6.000000,0.000000,3,5,5,6,8,9,11,11,11,11,11,50,0,3,4.589114040136337,2.140211872756481,12.334156781435013,2583.0
1781007475,30,GET,/,7.750000,0.000000,3,4,5,5,7,8,10,11,11,11,11,69,0,3,4.296313903793909,2.140211872756481,12.334156781435013,2583.0
1781007475,30,,Aggregated,7.750000,0.000000,3,4,5,5,7,8,10,11,11,11,11,69,0,3,4.296313903793909,2.140211872756481,12.334156781435013,2583.0
1781007476,35,GET,/,9.200000,0.000000,3,4,5,6,7,8,10,11,11,11,11,90,0,3,4.136423042251004,2.140211872756481,12.334156781435013,2583.0
1781007476,35,,Aggregated,9.200000,0.000000,3,4,5,6,7,8,10,11,11,11,11,90,0,3,4.136423042251004,2.140211872756481,12.334156781435013,2583.0
1781007477,40,GET,/,9.166667,0.000000,3,4,5,5,7,8,9,10,11,11,11,110,0,3,3.9999917064878074,2.140211872756481,12.334156781435013,2583.0
1781007477,40,,Aggregated,9.166667,0.000000,3,4,5,5,7,8,9,10,11,11,11,110,0,3,3.9999917064878074,2.140211872756481,12.334156781435013,2583.0
1781007478,45,GET,/,11.000000,0.000000,3,3,5,5,6,8,9,10,11,11,11,136,0,3,3.8102864260401796,1.9029881805181503,12.334156781435013,2583.0
1781007478,45,,Aggregated,11.000000,0.000000,3,3,5,5,6,8,9,10,11,11,11,136,0,3,3.8102864260401796,1.9029881805181503,12.334156781435013,2583.0
1781007479,50,GET,/,11.875000,0.000000,3,3,4,5,7,8,9,10,11,11,11,163,0,3,3.745245587286408,1.7829667776823044,12.334156781435013,2583.0
1781007479,50,,Aggregated,11.875000,0.000000,3,3,4,5,7,8,9,10,11,11,11,163,0,3,3.745245587286408,1.7829667776823044,12.334156781435013,2583.0
1781007480,55,GET,/,12.777778,0.000000,3,3,5,5,7,9,18,25,27,27,27,196,0,3,4.298330341674844,1.7829667776823044,26.601901277899742,2583.0
1781007480,55,,Aggregated,12.777778,0.000000,3,3,5,5,7,9,18,25,27,27,27,196,0,3,4.298330341674844,1.7829667776823044,26.601901277899742,2583.0
1781007481,60,GET,/,14.100000,0.000000,3,4,6,6,9,18,25,27,64,64,64,221,0,3,5.400879957557264,1.7829667776823044,63.53891268372536,2583.0
1781007481,60,,Aggregated,14.100000,0.000000,3,4,6,6,9,18,25,27,64,64,64,221,0,3,5.400879957557264,1.7829667776823044,63.53891268372536,2583.0
1781007482,65,GET,/,16.300000,0.000000,3,6,7,9,20,27,54,76,130,130,130,260,0,4,8.035781761058248,1.7829667776823044,133.22580885142088,2583.0
1781007482,65,,Aggregated,16.300000,0.000000,3,6,7,9,20,27,54,76,130,130,130,260,0,4,8.035781761058248,1.7829667776823044,133.22580885142088,2583.0
1781007483,70,GET,/,19.300000,0.000000,4,7,11,15,23,34,76,110,130,130,130,298,0,4,9.927448957233421,1.7829667776823044,133.22580885142088,2583.0
1781007483,70,,Aggregated,19.300000,0.000000,4,7,11,15,23,34,76,110,130,130,130,298,0,4,9.927448957233421,1.7829667776823044,133.22580885142088,2583.0
1781007484,75,GET,/,21.200000,0.000000,5,8,11,15,23,32,76,110,130,130,130,337,0,5,9.732129126897728,1.7829667776823044,133.22580885142088,2583.0
1781007484,75,,Aggregated,21.200000,0.000000,5,8,11,15,23,32,76,110,130,130,130,337,0,5,9.732129126897728,1.7829667776823044,133.22580885142088,2583.0
1781007485,80,GET,/,22.900000,0.000000,5,8,12,15,23,32,74,100,130,130,130,378,0,5,9.667294183696704,1.7829667776823044,133.22580885142088,2583.0
1781007485,80,,Aggregated,22.900000,0.000000,5,8,12,15,23,32,74,100,130,130,130,378,0,5,9.667294183696704,1.7829667776823044,133.22580885142088,2583.0
1781007486,85,GET,/,25.800000,0.000000,6,8,11,14,23,31,74,100,130,130,130,423,0,5,9.331899314202879,1.7829667776823044,133.22580885142088,2583.0
1781007486,85,,Aggregated,25.800000,0.000000,6,8,11,14,23,31,74,100,130,130,130,423,0,5,9.331899314202879,1.7829667776823044,133.22580885142088,2583.0
1781007487,90,GET,/,28.800000,0.000000,6,8,11,13,21,30,73,100,130,130,130,477,0,5,8.887403632906622,1.7829667776823044,133.22580885142088,2583.0
1781007487,90,,Aggregated,28.800000,0.000000,6,8,11,13,21,30,73,100,130,130,130,477,0,5,8.887403632906622,1.7829667776823044,133.22580885142088,2583.0
1781007488,95,GET,/,31.000000,0.000000,5,8,10,13,21,27,73,100,130,130,130,530,0,5,8.315138190211552,1.7829667776823044,133.22580885142088,2583.0
1781007488,95,,Aggregated,31.000000,0.000000,5,8,10,13,21,27,73,100,130,130,130,530,0,5,8.315138190211552,1.7829667776823044,133.22580885142088,2583.0
1781007489,100,GET,/,33.600000,0.000000,5,7,9,12,20,27,64,78,130,130,130,576,0,4,7.955835702078831,1.7829667776823044,133.22580885142088,2583.0
1781007489,100,,Aggregated,33.600000,0.000000,5,7,9,12,20,27,64,78,130,130,130,576,0,4,7.955835702078831,1.7829667776823044,133.22580885142088,2583.0
1781007490,105,GET,/,36.800000,0.000000,5,7,8,10,17,26,64,78,130,130,130,631,0,4,7.547123909657806,1.7829667776823044,133.22580885142088,2583.0
1781007490,105,,Aggregated,36.800000,0.000000,5,7,8,10,17,26,64,78,130,130,130,631,0,4,7.547123909657806,1.7829667776823044,133.22580885142088,2583.0
1781007491,110,GET,/,39.500000,0.000000,4,6,8,9,17,24,54,78,130,130,130,691,0,4,7.297248869336462,1.7360905185341835,133.22580885142088,2583.0
1781007491,110,,Aggregated,39.500000,0.000000,4,6,8,9,17,24,54,78,130,130,130,691,0,4,7.297248869336462,1.7360905185341835,133.22580885142088,2583.0
1781007492,115,GET,/,41.900000,0.000000,4,5,6,7,12,17,27,73,110,110,110,748,0,4,6.9531596098892035,1.7360905185341835,133.22580885142088,2583.0
1781007492,115,,Aggregated,41.900000,0.000000,4,5,6,7,12,17,27,73,110,110,110,748,0,4,6.9531596098892035,1.7360905185341835,133.22580885142088,2583.0
1781007493,120,GET,/,43.500000,0.000000,3,4,5,6,9,12,17,25,32,32,32,816,0,3,6.643162613424162,1.7360905185341835,133.22580885142088,2583.0
1781007493,120,,Aggregated,43.500000,0.000000,3,4,5,6,9,12,17,25,32,32,32,816,0,3,6.643162613424162,1.7360905185341835,133.22580885142088,2583.0
1781007494,125,GET,/,47.000000,0.000000,3,4,4,5,8,11,16,24,32,32,32,879,0,3,6.366890558466502,1.7360905185341835,133.22580885142088,2583.0
1781007494,125,,Aggregated,47.000000,0.000000,3,4,4,5,8,11,16,24,32,32,32,879,0,3,6.366890558466502,1.7360905185341835,133.22580885142088,2583.0
1781007495,130,GET,/,49.700000,0.000000,3,3,4,4,6,8,12,16,27,27,27,945,0,3,6.1385451880081625,1.7360905185341835,133.22580885142088,2583.0
1781007495,130,,Aggregated,49.700000,0.000000,3,3,4,4,6,8,12,16,27,27,27,945,0,3,6.1385451880081625,1.7360905185341835,133.22580885142088,2583.0
1781007496,135,GET,/,52.000000,0.000000,3,3,3,4,6,7,10,14,27,27,27,1004,0,3,5.97555975919493,1.7360905185341835,133.22580885142088,2583.0
1781007496,135,,Aggregated,52.000000,0.000000,3,3,3,4,6,7,10,14,27,27,27,1004,0,3,5.97555975919493,1.7360905185341835,133.22580885142088,2583.0
1781007497,140,GET,/,54.300000,0.000000,3,3,3,3,5,7,9,14,27,27,27,1088,0,3,5.7246495998697355,1.7360905185341835,133.22580885142088,2583.0
1781007497,140,,Aggregated,54.300000,0.000000,3,3,3,3,5,7,9,14,27,27,27,1088,0,3,5.7246495998697355,1.7360905185341835,133.22580885142088,2583.0
1781007498,145,GET,/,56.400000,0.000000,3,3,3,3,5,7,9,14,27,27,27,1157,0,3,5.559525713356745,1.7360905185341835,133.22580885142088,2583.0
1781007498,145,,Aggregated,56.400000,0.000000,3,3,3,3,5,7,9,14,27,27,27,1157,0,3,5.559525713356745,1.7360905185341835,133.22580885142088,2583.0
1781007499,150,GET,/,57.900000,0.000000,2,3,3,3,4,6,8,14,27,27,27,1242,0,3,5.359867414468584,1.7360905185341835,133.22580885142088,2583.0
1781007499,150,,Aggregated,57.900000,0.000000,2,3,3,3,4,6,8,14,27,27,27,1242,0,3,5.359867414468584,1.7360905185341835,133.22580885142088,2583.0
1781007500,155,GET,/,61.400000,0.000000,2,3,3,3,4,6,8,9,14,14,14,1315,0,3,5.227110486746741,1.7360905185341835,133.22580885142088,2583.0
1781007500,155,,Aggregated,61.400000,0.000000,2,3,3,3,4,6,8,9,14,14,14,1315,0,3,5.227110486746741,1.7360905185341835,133.22580885142088,2583.0
1781007501,160,GET,/,63.100000,0.000000,2,3,3,3,4,6,8,9,14,14,14,1404,0,3,5.07740669769694,1.7360905185341835,133.22580885142088,2583.0
1781007501,160,,Aggregated,63.100000,0.000000,2,3,3,3,4,6,8,9,14,14,14,1404,0,3,5.07740669769694,1.7360905185341835,133.22580885142088,2583.0
1781007502,165,GET,/,66.200000,0.000000,2,3,3,3,4,6,7,9,31,31,31,1484,0,3,4.976368969873678,1.7360905185341835,133.22580885142088,2583.0
1781007502,165,,Aggregated,66.200000,0.000000,2,3,3,3,4,6,7,9,31,31,31,1484,0,3,4.976368969873678,1.7360905185341835,133.22580885142088,2583.0
1781007503,170,GET,/,68.500000,0.000000,2,3,3,3,4,6,8,9,31,31,31,1574,0,3,4.858387179147296,1.7360905185341835,133.22580885142088,2583.0
1781007503,170,,Aggregated,68.500000,0.000000,2,3,3,3,4,6,8,9,31,31,31,1574,0,3,4.858387179147296,1.7360905185341835,133.22580885142088,2583.0
1781007504,175,GET,/,71.500000,0.000000,2,3,3,3,4,6,7,9,31,31,31,1664,0,3,4.75182833738822,1.7360905185341835,133.22580885142088,2583.0
1781007504,175,,Aggregated,71.500000,0.000000,2,3,3,3,4,6,7,9,31,31,31,1664,0,3,4.75182833738822,1.7360905185341835,133.22580885142088,2583.0
1781007505,180,GET,/,73.900000,0.000000,2,3,3,3,4,6,7,9,31,31,31,1761,0,3,4.650415786558393,1.7308713868260384,133.22580885142088,2583.0
1781007505,180,,Aggregated,73.900000,0.000000,2,3,3,3,4,6,7,9,31,31,31,1761,0,3,4.650415786558393,1.7308713868260384,133.22580885142088,2583.0
1781007506,185,GET,/,75.600000,0.000000,2,3,3,3,4,6,7,9,31,31,31,1852,0,3,4.576918824433025,1.7308713868260384,133.22580885142088,2583.0
1781007506,185,,Aggregated,75.600000,0.000000,2,3,3,3,4,6,7,9,31,31,31,1852,0,3,4.576918824433025,1.7308713868260384,133.22580885142088,2583.0
1781007507,190,GET,/,78.700000,0.000000,2,3,3,3,4,6,7,9,31,31,31,1944,0,3,4.495727545064357,1.6271965578198433,133.22580885142088,2583.0
1781007507,190,,Aggregated,78.700000,0.000000,2,3,3,3,4,6,7,9,31,31,31,1944,0,3,4.495727545064357,1.6271965578198433,133.22580885142088,2583.0
1781007508,195,GET,/,81.800000,0.000000,2,3,3,3,5,6,9,11,31,31,31,2058,0,3,4.47421113528724,1.6271965578198433,133.22580885142088,2583.0
1781007508,195,,Aggregated,81.800000,0.000000,2,3,3,3,5,6,9,11,31,31,31,2058,0,3,4.47421113528724,1.6271965578198433,133.22580885142088,2583.0
1781007509,200,GET,/,85.300000,0.000000,2,3,3,3,5,7,10,15,31,31,31,2161,0,3,4.459786625326452,1.6271965578198433,133.22580885142088,2583.0
1781007509,200,,Aggregated,85.300000,0.000000,2,3,3,3,5,7,10,15,31,31,31,2161,0,3,4.459786625326452,1.6271965578198433,133.22580885142088,2583.0
1781007510,205,GET,/,85.400000,0.000000,3,3,3,4,5,7,10,15,31,31,31,2259,0,3,4.396080598070221,1.6271965578198433,133.22580885142088,2583.0
1781007510,205,,Aggregated,85.400000,0.000000,3,3,3,4,5,7,10,15,31,31,31,2259,0,3,4.396080598070221,1.6271965578198433,133.22580885142088,2583.0
1781007511,210,GET,/,89.300000,0.000000,3,3,3,4,5,7,11,16,31,31,31,2378,0,3,4.359144093962253,1.6271965578198433,133.22580885142088,2583.0
1781007511,210,,Aggregated,89.300000,0.000000,3,3,3,4,5,7,11,16,31,31,31,2378,0,3,4.359144093962253,1.6271965578198433,133.22580885142088,2583.0
1781007512,215,GET,/,91.900000,0.000000,3,3,3,4,5,7,11,15,28,28,28,2477,0,3,4.2854255579673675,1.5888558700680733,133.22580885142088,2583.0
1781007512,215,,Aggregated,91.900000,0.000000,3,3,3,4,5,7,11,15,28,28,28,2477,0,3,4.2854255579673675,1.5888558700680733,133.22580885142088,2583.0
1781007513,220,GET,/,93.800000,0.000000,3,3,3,4,5,7,10,14,25,28,28,2595,0,3,4.2350757511795605,1.5888558700680733,133.22580885142088,2583.0
1781007513,220,,Aggregated,93.800000,0.000000,3,3,3,4,5,7,10,14,25,28,28,2595,0,3,4.2350757511795605,1.5888558700680733,133.22580885142088,2583.0
1781007514,225,GET,/,96.800000,0.000000,3,3,3,4,5,7,10,14,25,28,28,2700,0,3,4.185263541078678,1.5888558700680733,133.22580885142088,2583.0
1781007514,225,,Aggregated,96.800000,0.000000,3,3,3,4,5,7,10,14,25,28,28,2700,0,3,4.185263541078678,1.5888558700680733,133.22580885142088,2583.0
1781007515,230,GET,/,98.600000,0.000000,3,3,3,4,5,7,10,14,25,28,28,2818,0,3,4.126983335819373,1.5888558700680733,133.22580885142088,2583.0
1781007515,230,,Aggregated,98.600000,0.000000,3,3,3,4,5,7,10,14,25,28,28,2818,0,3,4.126983335819373,1.5888558700680733,133.22580885142088,2583.0
1781007516,235,GET,/,101.900000,0.000000,2,3,3,3,5,7,10,14,25,28,28,2945,0,3,4.066901271040148,1.5270374715328217,133.22580885142088,2583.0
1781007516,235,,Aggregated,101.900000,0.000000,2,3,3,3,5,7,10,14,25,28,28,2945,0,3,4.066901271040148,1.5270374715328217,133.22580885142088,2583.0
1781007517,240,GET,/,102.800000,0.000000,3,3,3,3,5,7,10,13,25,28,28,3056,0,3,4.021441805327594,1.5270374715328217,133.22580885142088,2583.0
1781007517,240,,Aggregated,102.800000,0.000000,3,3,3,3,5,7,10,13,25,28,28,3056,0,3,4.021441805327594,1.5270374715328217,133.22580885142088,2583.0
1781007518,245,GET,/,105.100000,0.000000,2,3,3,3,5,6,9,10,18,36,36,3182,0,3,3.977120970449007,1.5121959149837494,133.22580885142088,2583.0
1781007518,245,,Aggregated,105.100000,0.000000,2,3,3,3,5,6,9,10,18,36,36,3182,0,3,3.977120970449007,1.5121959149837494,133.22580885142088,2583.0
1781007519,250,GET,/,108.200000,0.000000,2,3,3,3,4,5,8,10,17,36,36,3309,0,3,3.9391222647167505,1.5121959149837494,133.22580885142088,2583.0
1781007519,250,,Aggregated,108.200000,0.000000,2,3,3,3,4,5,8,10,17,36,36,3309,0,3,3.9391222647167505,1.5121959149837494,133.22580885142088,2583.0
1781007520,255,GET,/,110.500000,0.000000,2,3,3,3,4,6,9,12,17,36,36,3429,0,3,3.9163035326755473,1.5121959149837494,133.22580885142088,2583.0
1781007520,255,,Aggregated,110.500000,0.000000,2,3,3,3,4,6,9,12,17,36,36,3429,0,3,3.9163035326755473,1.5121959149837494,133.22580885142088,2583.0
1781007522,260,GET,/,112.200000,0.000000,3,3,3,3,5,7,11,17,22,36,36,3569,0,3,3.96455591714125,1.5121959149837494,133.22580885142088,2583.0
1781007522,260,,Aggregated,112.200000,0.000000,3,3,3,3,5,7,11,17,22,36,36,3569,0,3,3.96455591714125,1.5121959149837494,133.22580885142088,2583.0
1781007523,265,GET,/,116.800000,0.000000,2,3,3,3,5,7,12,18,28,36,36,3708,0,3,3.9390445987773335,1.5121959149837494,133.22580885142088,2583.0
1781007523,265,,Aggregated,116.800000,0.000000,2,3,3,3,5,7,12,18,28,36,36,3708,0,3,3.9390445987773335,1.5121959149837494,133.22580885142088,2583.0
1781007524,270,GET,/,116.800000,0.000000,3,3,3,3,5,7,12,18,28,36,36,3838,0,3,3.9226756345746634,1.5121959149837494,133.22580885142088,2583.0
1781007524,270,,Aggregated,116.800000,0.000000,3,3,3,3,5,7,12,18,28,36,36,3838,0,3,3.9226756345746634,1.5121959149837494,133.22580885142088,2583.0
1781007525,275,GET,/,118.600000,0.000000,3,3,3,4,5,9,13,18,28,36,36,3971,0,3,3.927649903852043,1.5121959149837494,133.22580885142088,2583.0
1781007525,275,,Aggregated,118.600000,0.000000,3,3,3,4,5,9,13,18,28,36,36,3971,0,3,3.927649903852043,1.5121959149837494,133.22580885142088,2583.0
1781007526,280,GET,/,123.900000,0.000000,3,3,3,4,5,9,13,18,28,36,36,4126,0,3,3.88823242806588,1.4760009944438934,133.22580885142088,2583.0
1781007526,280,,Aggregated,123.900000,0.000000,3,3,3,4,5,9,13,18,28,36,36,4126,0,3,3.88823242806588,1.4760009944438934,133.22580885142088,2583.0
1781007527,285,GET,/,127.000000,0.000000,3,3,3,4,6,9,13,17,28,36,36,4263,0,3,3.8693753472452235,1.4760009944438934,133.22580885142088,2583.0
1781007527,285,,Aggregated,127.000000,0.000000,3,3,3,4,6,9,13,17,28,36,36,4263,0,3,3.8693753472452235,1.4760009944438934,133.22580885142088,2583.0
1781007528,290,GET,/,130.400000,0.000000,3,3,4,4,6,9,13,17,25,28,28,4413,0,3,3.8467538466015667,1.4760009944438934,133.22580885142088,2583.0
1781007528,290,,Aggregated,130.400000,0.000000,3,3,4,4,6,9,13,17,25,28,28,4413,0,3,3.8467538466015667,1.4760009944438934,133.22580885142088,2583.0
1781007529,295,GET,/,131.400000,0.000000,3,3,4,4,6,9,12,17,25,28,28,4568,0,3,3.816930189991334,1.4760009944438934,133.22580885142088,2583.0
1781007529,295,,Aggregated,131.400000,0.000000,3,3,4,4,6,9,12,17,25,28,28,4568,0,3,3.816930189991334,1.4760009944438934,133.22580885142088,2583.0
1781007530,300,GET,/,135.500000,0.000000,3,3,4,4,6,9,14,19,34,38,38,4725,0,3,3.8374834284974786,1.4760009944438934,133.22580885142088,2583.0
1781007530,300,,Aggregated,135.500000,0.000000,3,3,4,4,6,9,14,19,34,38,38,4725,0,3,3.8374834284974786,1.4760009944438934,133.22580885142088,2583.0
1781007531,300,GET,/,138.200000,0.000000,3,3,3,4,5,8,12,16,34,38,38,4855,0,3,3.814820793719174,1.4760009944438934,133.22580885142088,2583.0
1781007531,300,,Aggregated,138.200000,0.000000,3,3,3,4,5,8,12,16,34,38,38,4855,0,3,3.814820793719174,1.4760009944438934,133.22580885142088,2583.0
1781007532,300,GET,/,141.300000,0.000000,3,3,3,4,5,7,12,14,47,48,48,5015,0,3,3.804911834634432,1.4760009944438934,133.22580885142088,2583.0
1781007532,300,,Aggregated,141.300000,0.000000,3,3,3,4,5,7,12,14,47,48,48,5015,0,3,3.804911834634432,1.4760009944438934,133.22580885142088,2583.0
1781007533,300,GET,/,141.300000,0.000000,3,3,3,4,5,7,11,14,47,48,48,5171,0,3,3.7673784178913827,1.4760009944438934,133.22580885142088,2583.0
1781007533,300,,Aggregated,141.300000,0.000000,3,3,3,4,5,7,11,14,47,48,48,5171,0,3,3.7673784178913827,1.4760009944438934,133.22580885142088,2583.0
1781007534,300,GET,/,144.300000,0.000000,3,3,3,3,4,6,10,12,47,48,48,5324,0,3,3.7300240536724867,1.4760009944438934,133.22580885142088,2583.0
1781007534,300,,Aggregated,144.300000,0.000000,3,3,3,3,4,6,10,12,47,48,48,5324,0,3,3.7300240536724867,1.4760009944438934,133.22580885142088,2583.0
1781007535,300,GET,/,146.500000,0.000000,3,3,3,3,4,6,9,12,47,48,48,5449,0,3,3.7022199308074795,1.4760009944438934,133.22580885142088,2583.0
1781007535,300,,Aggregated,146.500000,0.000000,3,3,3,3,4,6,9,12,47,48,48,5449,0,3,3.7022199308074795,1.4760009944438934,133.22580885142088,2583.0
1781007536,300,GET,/,148.300000,0.000000,2,3,3,3,4,5,8,12,47,48,48,5617,0,3,3.6678203944171877,1.4760009944438934,133.22580885142088,2583.0
1781007536,300,,Aggregated,148.300000,0.000000,2,3,3,3,4,5,8,12,47,48,48,5617,0,3,3.6678203944171877,1.4760009944438934,133.22580885142088,2583.0
1781007537,300,GET,/,147.600000,0.000000,2,3,3,3,4,5,7,12,47,48,48,5764,0,3,3.634492381644551,1.4760009944438934,133.22580885142088,2583.0
1781007537,300,,Aggregated,147.600000,0.000000,2,3,3,3,4,5,7,12,47,48,48,5764,0,3,3.634492381644551,1.4760009944438934,133.22580885142088,2583.0
1781007538,300,GET,/,148.700000,0.000000,2,3,3,3,4,4,7,12,47,48,48,5920,0,3,3.610076738452237,1.4760009944438934,133.22580885142088,2583.0
1781007538,300,,Aggregated,148.700000,0.000000,2,3,3,3,4,4,7,12,47,48,48,5920,0,3,3.610076738452237,1.4760009944438934,133.22580885142088,2583.0
1781007539,300,GET,/,150.000000,0.000000,2,3,3,3,3,4,5,6,47,48,48,6060,0,3,3.584606070747667,1.4760009944438934,133.22580885142088,2583.0
1781007539,300,,Aggregated,150.000000,0.000000,2,3,3,3,3,4,5,6,47,48,48,6060,0,3,3.584606070747667,1.4760009944438934,133.22580885142088,2583.0
1781007540,300,GET,/,150.400000,0.000000,2,3,3,3,3,4,5,6,47,48,48,6211,0,3,3.563473229192292,1.4760009944438934,133.22580885142088,2583.0
1781007540,300,,Aggregated,150.400000,0.000000,2,3,3,3,3,4,5,6,47,48,48,6211,0,3,3.563473229192292,1.4760009944438934,133.22580885142088,2583.0
1781007541,300,GET,/,149.100000,0.000000,2,3,3,3,4,5,16,29,63,68,68,6375,0,3,3.698155288310612,1.4760009944438934,133.22580885142088,2583.0
1781007541,300,,Aggregated,149.100000,0.000000,2,3,3,3,4,5,16,29,63,68,68,6375,0,3,3.698155288310612,1.4760009944438934,133.22580885142088,2583.0
1781007542,300,GET,/,148.600000,0.000000,3,3,3,4,8,20,46,58,96,100,100,6520,0,3,4.078386795701333,1.4760009944438934,133.22580885142088,2583.0
1781007542,300,,Aggregated,148.600000,0.000000,3,3,3,4,8,20,46,58,96,100,100,6520,0,3,4.078386795701333,1.4760009944438934,133.22580885142088,2583.0
1781007543,300,GET,/,151.900000,0.000000,3,3,4,6,14,30,57,69,100,100,100,6657,0,3,4.362362759562473,1.4760009944438934,133.22580885142088,2583.0
1781007543,300,,Aggregated,151.900000,0.000000,3,3,4,6,14,30,57,69,100,100,100,6657,0,3,4.362362759562473,1.4760009944438934,133.22580885142088,2583.0
1781007544,300,GET,/,150.100000,0.000000,3,4,7,9,21,38,57,76,100,100,100,6823,0,3,4.611349706123751,1.4760009944438934,133.22580885142088,2583.0
1781007544,300,,Aggregated,150.100000,0.000000,3,4,7,9,21,38,57,76,100,100,100,6823,0,3,4.611349706123751,1.4760009944438934,133.22580885142088,2583.0
1781007545,300,GET,/,147.400000,0.000000,3,6,9,11,25,43,59,78,100,100,100,6987,0,3,4.8166628058184555,1.4760009944438934,133.22580885142088,2583.0
1781007545,300,,Aggregated,147.400000,0.000000,3,6,9,11,25,43,59,78,100,100,100,6987,0,3,4.8166628058184555,1.4760009944438934,133.22580885142088,2583.0
1781007546,300,GET,/,149.400000,0.000000,4,7,9,12,26,43,59,78,100,100,100,7123,0,3,4.85555858160528,1.4760009944438934,133.22580885142088,2583.0
1781007546,300,,Aggregated,149.400000,0.000000,4,7,9,12,26,43,59,78,100,100,100,7123,0,3,4.85555858160528,1.4760009944438934,133.22580885142088,2583.0
1781007547,300,GET,/,152.500000,0.000000,5,8,10,12,26,43,59,78,100,100,100,7281,0,3,4.856915223272664,1.4760009944438934,133.22580885142088,2583.0
1781007547,300,,Aggregated,152.500000,0.000000,5,8,10,12,26,43,59,78,100,100,100,7281,0,3,4.856915223272664,1.4760009944438934,133.22580885142088,2583.0
1781007548,300,GET,/,149.500000,0.000000,5,8,10,12,26,43,59,78,100,100,100,7423,0,3,4.836975313922827,1.4760009944438934,133.22580885142088,2583.0
1781007548,300,,Aggregated,149.500000,0.000000,5,8,10,12,26,43,59,78,100,100,100,7423,0,3,4.836975313922827,1.4760009944438934,133.22580885142088,2583.0
1781007549,300,GET,/,151.200000,0.000000,5,8,10,12,26,43,59,78,100,100,100,7574,0,3,4.7984090668120025,1.4760009944438934,133.22580885142088,2583.0
1781007549,300,,Aggregated,151.200000,0.000000,5,8,10,12,26,43,59,78,100,100,100,7574,0,3,4.7984090668120025,1.4760009944438934,133.22580885142088,2583.0
1781007550,300,GET,/,149.100000,0.000000,5,7,9,11,22,40,58,78,100,100,100,7744,0,3,4.749562804421703,1.4760009944438934,133.22580885142088,2583.0
1781007550,300,,Aggregated,149.100000,0.000000,5,7,9,11,22,40,58,78,100,100,100,7744,0,3,4.749562804421703,1.4760009944438934,133.22580885142088,2583.0
1781007551,300,GET,/,150.700000,0.000000,4,6,8,9,16,31,51,67,97,100,100,7879,0,3,4.710750294529419,1.4760009944438934,133.22580885142088,2583.0
1781007551,300,,Aggregated,150.700000,0.000000,4,6,8,9,16,31,51,67,97,100,100,7879,0,3,4.710750294529419,1.4760009944438934,133.22580885142088,2583.0
1781007552,300,GET,/,151.400000,0.000000,3,5,6,7,11,22,37,48,88,95,95,8030,0,3,4.685017458078536,1.4760009944438934,133.22580885142088,2583.0
1781007552,300,,Aggregated,151.400000,0.000000,3,5,6,7,11,22,37,48,88,95,95,8030,0,3,4.685017458078536,1.4760009944438934,133.22580885142088,2583.0
1781007553,300,GET,/,148.700000,0.000000,3,4,5,6,8,12,22,38,68,95,95,8178,0,3,4.654147580227734,1.4760009944438934,133.22580885142088,2583.0
1781007553,300,,Aggregated,148.700000,0.000000,3,4,5,6,8,12,22,38,68,95,95,8178,0,3,4.654147580227734,1.4760009944438934,133.22580885142088,2583.0
1781007554,300,GET,/,149.900000,0.000000,3,3,4,4,6,8,11,13,30,32,32,8332,0,3,4.617633277807873,1.4760009944438934,133.22580885142088,2583.0
1781007554,300,,Aggregated,149.900000,0.000000,3,3,4,4,6,8,11,13,30,32,32,8332,0,3,4.617633277807873,1.4760009944438934,133.22580885142088,2583.0
1781007555,300,GET,/,151.000000,0.000000,3,3,3,4,5,7,9,11,27,32,32,8471,0,3,4.586900921043512,1.4760009944438934,133.22580885142088,2583.0
1781007555,300,,Aggregated,151.000000,0.000000,3,3,3,4,5,7,9,11,27,32,32,8471,0,3,4.586900921043512,1.4760009944438934,133.22580885142088,2583.0
1781007556,300,GET,/,149.800000,0.000000,3,3,3,3,4,5,7,8,13,14,14,8612,0,3,4.554053516219306,1.4760009944438934,133.22580885142088,2583.0
1781007556,300,,Aggregated,149.800000,0.000000,3,3,3,3,4,5,7,8,13,14,14,8612,0,3,4.554053516219306,1.4760009944438934,133.22580885142088,2583.0
1781007557,300,GET,/,148.600000,0.000000,3,3,3,3,4,5,7,8,13,14,14,8778,0,3,4.530836334382009,1.4760009944438934,133.22580885142088,2583.0
1781007557,300,,Aggregated,148.600000,0.000000,3,3,3,3,4,5,7,8,13,14,14,8778,0,3,4.530836334382009,1.4760009944438934,133.22580885142088,2583.0
1781007558,300,GET,/,148.600000,0.000000,2,3,3,3,4,5,7,8,42,44,44,8917,0,3,4.511323226478965,1.4760009944438934,133.22580885142088,2583.0
1781007558,300,,Aggregated,148.600000,0.000000,2,3,3,3,4,5,7,8,42,44,44,8917,0,3,4.511323226478965,1.4760009944438934,133.22580885142088,2583.0
1781007559,300,GET,/,149.000000,0.000000,2,3,3,3,4,5,7,8,42,44,44,9084,0,3,4.4767572842858225,1.4250176027417183,133.22580885142088,2583.0
1781007559,300,,Aggregated,149.000000,0.000000,2,3,3,3,4,5,7,8,42,44,44,9084,0,3,4.4767572842858225,1.4250176027417183,133.22580885142088,2583.0
1781007560,300,GET,/,149.100000,0.000000,2,3,3,3,4,5,7,8,42,44,44,9223,0,3,4.449009212307696,1.4250176027417183,133.22580885142088,2583.0
1781007560,300,,Aggregated,149.100000,0.000000,2,3,3,3,4,5,7,8,42,44,44,9223,0,3,4.449009212307696,1.4250176027417183,133.22580885142088,2583.0
1781007561,300,GET,/,149.100000,0.000000,2,3,3,3,4,5,6,8,42,44,44,9385,0,3,4.415846442864274,1.4250176027417183,133.22580885142088,2583.0
1781007561,300,,Aggregated,149.100000,0.000000,2,3,3,3,4,5,6,8,42,44,44,9385,0,3,4.415846442864274,1.4250176027417183,133.22580885142088,2583.0
1781007562,300,GET,/,147.900000,0.000000,2,3,3,3,4,5,6,8,42,44,44,9527,0,3,4.385388112574475,1.4250176027417183,133.22580885142088,2583.0
1781007562,300,,Aggregated,147.900000,0.000000,2,3,3,3,4,5,6,8,42,44,44,9527,0,3,4.385388112574475,1.4250176027417183,133.22580885142088,2583.0
1781007563,300,GET,/,150.800000,0.000000,2,3,3,3,4,4,6,7,42,44,44,9674,0,3,4.356356893533428,1.4250176027417183,133.22580885142088,2583.0
1781007563,300,,Aggregated,150.800000,0.000000,2,3,3,3,4,4,6,7,42,44,44,9674,0,3,4.356356893533428,1.4250176027417183,133.22580885142088,2583.0
1781007564,300,GET,/,150.100000,0.000000,2,3,3,3,4,4,5,8,42,44,44,9828,0,3,4.327372007040132,1.4250176027417183,133.22580885142088,2583.0
1781007564,300,,Aggregated,150.100000,0.000000,2,3,3,3,4,4,5,8,42,44,44,9828,0,3,4.327372007040132,1.4250176027417183,133.22580885142088,2583.0
1781007565,300,GET,/,150.000000,0.000000,2,3,3,3,4,4,6,8,42,44,44,9970,0,3,4.304321829524777,1.4250176027417183,133.22580885142088,2583.0
1781007565,300,,Aggregated,150.000000,0.000000,2,3,3,3,4,4,6,8,42,44,44,9970,0,3,4.304321829524777,1.4250176027417183,133.22580885142088,2583.0
1781007566,300,GET,/,149.200000,0.000000,2,3,3,3,3,4,5,5,42,44,44,10121,0,3,4.276971583480173,1.4250176027417183,133.22580885142088,2583.0
1781007566,300,,Aggregated,149.200000,0.000000,2,3,3,3,3,4,5,5,42,44,44,10121,0,3,4.276971583480173,1.4250176027417183,133.22580885142088,2583.0
1781007567,300,GET,/,148.900000,0.000000,2,3,3,3,3,4,5,7,11,12,12,10271,0,3,4.25933417068471,1.4250176027417183,133.22580885142088,2583.0
1781007567,300,,Aggregated,148.900000,0.000000,2,3,3,3,3,4,5,7,11,12,12,10271,0,3,4.25933417068471,1.4250176027417183,133.22580885142088,2583.0
1781007568,300,GET,/,151.400000,0.000000,2,3,3,3,3,4,5,7,11,12,12,10423,0,3,4.239688408686591,1.4250176027417183,133.22580885142088,2583.0
1781007568,300,,Aggregated,151.400000,0.000000,2,3,3,3,3,4,5,7,11,12,12,10423,0,3,4.239688408686591,1.4250176027417183,133.22580885142088,2583.0
1781007569,300,GET,/,148.900000,0.000000,2,3,3,3,3,4,6,7,11,12,12,10559,0,3,4.223089783717674,1.4250176027417183,133.22580885142088,2583.0
1781007569,300,,Aggregated,148.900000,0.000000,2,3,3,3,3,4,6,7,11,12,12,10559,0,3,4.223089783717674,1.4250176027417183,133.22580885142088,2583.0
1781007570,300,GET,/,149.900000,0.000000,2,3,3,3,4,5,7,8,12,13,13,10713,0,3,4.215514930141614,1.4250176027417183,133.22580885142088,2583.0
1781007570,300,,Aggregated,149.900000,0.000000,2,3,3,3,4,5,7,8,12,13,13,10713,0,3,4.215514930141614,1.4250176027417183,133.22580885142088,2583.0
1781007571,300,GET,/,148.800000,0.000000,3,3,3,3,4,6,9,10,14,56,56,10863,0,3,4.220124112132981,1.4250176027417183,133.22580885142088,2583.0
1781007571,300,,Aggregated,148.800000,0.000000,3,3,3,3,4,6,9,10,14,56,56,10863,0,3,4.220124112132981,1.4250176027417183,133.22580885142088,2583.0
1781007572,300,GET,/,148.800000,0.000000,3,3,3,3,5,7,9,10,15,56,56,11014,0,3,4.211236851718408,1.4250176027417183,133.22580885142088,2583.0
1781007572,300,,Aggregated,148.800000,0.000000,3,3,3,3,5,7,9,10,15,56,56,11014,0,3,4.211236851718408,1.4250176027417183,133.22580885142088,2583.0
1781007573,300,GET,/,147.800000,0.000000,3,3,3,4,5,7,9,10,15,56,56,11155,0,3,4.194356662570655,1.4250176027417183,133.22580885142088,2583.0
1781007573,300,,Aggregated,147.800000,0.000000,3,3,3,4,5,7,9,10,15,56,56,11155,0,3,4.194356662570655,1.4250176027417183,133.22580885142088,2583.0
1781007574,300,GET,/,147.400000,0.000000,3,3,3,4,5,7,9,10,15,56,56,11304,0,3,4.172586562554896,1.4250176027417183,133.22580885142088,2583.0
1781007574,300,,Aggregated,147.400000,0.000000,3,3,3,4,5,7,9,10,15,56,56,11304,0,3,4.172586562554896,1.4250176027417183,133.22580885142088,2583.0
1781007575,300,GET,/,148.200000,0.000000,3,3,3,4,5,7,9,10,15,56,56,11458,0,3,4.149827964003719,1.4250176027417183,133.22580885142088,2583.0
1781007575,300,,Aggregated,148.200000,0.000000,3,3,3,4,5,7,9,10,15,56,56,11458,0,3,4.149827964003719,1.4250176027417183,133.22580885142088,2583.0
1781007576,300,GET,/,148.200000,0.000000,3,3,3,3,5,7,9,10,15,56,56,11613,0,3,4.127208700517931,1.4250176027417183,133.22580885142088,2583.0
1781007576,300,,Aggregated,148.200000,0.000000,3,3,3,3,5,7,9,10,15,56,56,11613,0,3,4.127208700517931,1.4250176027417183,133.22580885142088,2583.0
1781007577,300,GET,/,149.300000,0.000000,3,3,3,3,4,7,9,10,15,56,56,11772,0,3,4.106255377618443,1.4250176027417183,133.22580885142088,2583.0
1781007577,300,,Aggregated,149.300000,0.000000,3,3,3,3,4,7,9,10,15,56,56,11772,0,3,4.106255377618443,1.4250176027417183,133.22580885142088,2583.0
1781007578,300,GET,/,148.400000,0.000000,3,3,3,3,4,7,9,10,15,56,56,11916,0,3,4.08980034558417,1.4250176027417183,133.22580885142088,2583.0
1781007578,300,,Aggregated,148.400000,0.000000,3,3,3,3,4,7,9,10,15,56,56,11916,0,3,4.08980034558417,1.4250176027417183,133.22580885142088,2583.0
1781007579,300,GET,/,150.100000,0.000000,3,3,3,3,4,6,9,10,15,56,56,12064,0,3,4.0792897631585925,1.4250176027417183,133.22580885142088,2583.0
1781007579,300,,Aggregated,150.100000,0.000000,3,3,3,3,4,6,9,10,15,56,56,12064,0,3,4.0792897631585925,1.4250176027417183,133.22580885142088,2583.0
1781007580,300,GET,/,149.700000,0.000000,2,3,3,3,4,5,8,9,14,15,15,12218,0,3,4.063587396026492,1.4250176027417183,133.22580885142088,2583.0
1781007580,300,,Aggregated,149.700000,0.000000,2,3,3,3,4,5,8,9,14,15,15,12218,0,3,4.063587396026492,1.4250176027417183,133.22580885142088,2583.0
1781007581,300,GET,/,149.400000,0.000000,2,3,3,3,4,5,6,7,10,11,11,12341,0,3,4.054357399823657,1.4250176027417183,133.22580885142088,2583.0
1781007581,300,,Aggregated,149.400000,0.000000,2,3,3,3,4,5,6,7,10,11,11,12341,0,3,4.054357399823657,1.4250176027417183,133.22580885142088,2583.0
1781007582,300,GET,/,149.500000,0.000000,2,3,3,3,4,5,6,7,10,11,11,12499,0,3,4.041203473447914,1.4250176027417183,133.22580885142088,2583.0
1781007582,300,,Aggregated,149.500000,0.000000,2,3,3,3,4,5,6,7,10,11,11,12499,0,3,4.041203473447914,1.4250176027417183,133.22580885142088,2583.0
1781007583,300,GET,/,147.200000,0.000000,2,3,3,3,4,5,6,7,10,11,11,12651,0,3,4.024450486547536,1.4250176027417183,133.22580885142088,2583.0
1781007583,300,,Aggregated,147.200000,0.000000,2,3,3,3,4,5,6,7,10,11,11,12651,0,3,4.024450486547536,1.4250176027417183,133.22580885142088,2583.0
1781007584,300,GET,/,148.600000,0.000000,3,3,3,3,4,5,6,8,12,40,40,12793,0,3,4.017746129713764,1.4250176027417183,133.22580885142088,2583.0
1781007584,300,,Aggregated,148.600000,0.000000,3,3,3,3,4,5,6,8,12,40,40,12793,0,3,4.017746129713764,1.4250176027417183,133.22580885142088,2583.0
1781007585,300,GET,/,149.600000,0.000000,3,3,3,3,4,5,7,9,12,40,40,12945,0,3,4.011167397858578,1.4250176027417183,133.22580885142088,2583.0
1781007585,300,,Aggregated,149.600000,0.000000,3,3,3,3,4,5,7,9,12,40,40,12945,0,3,4.011167397858578,1.4250176027417183,133.22580885142088,2583.0
